# ************************************************************
# Sequel Pro SQL dump
# Version 5446
#
# https://www.sequelpro.com/
# https://github.com/sequelpro/sequelpro
#
# Host: 45.77.35.11 (MySQL 5.7.32)
# Database: vinplay_admin
# Generation Time: 2021-01-12 07:37:24 +0000
# ************************************************************


/*!40101 SET @OLD_CHARACTER_SET_CLIENT=@@CHARACTER_SET_CLIENT */;
/*!40101 SET @OLD_CHARACTER_SET_RESULTS=@@CHARACTER_SET_RESULTS */;
/*!40101 SET @OLD_COLLATION_CONNECTION=@@COLLATION_CONNECTION */;
/*!40101 SET NAMES utf8 */;
SET NAMES utf8mb4;
/*!40014 SET @OLD_FOREIGN_KEY_CHECKS=@@FOREIGN_KEY_CHECKS, FOREIGN_KEY_CHECKS=0 */;
/*!40101 SET @OLD_SQL_MODE=@@SQL_MODE, SQL_MODE='NO_AUTO_VALUE_ON_ZERO' */;
/*!40111 SET @OLD_SQL_NOTES=@@SQL_NOTES, SQL_NOTES=0 */;


# Dump of table access_link
# ------------------------------------------------------------

DROP TABLE IF EXISTS `access_link`;

CREATE TABLE `access_link` (
  `ID` int(11) NOT NULL AUTO_INCREMENT,
  `User_ID` int(11) DEFAULT NULL,
  `Group_ID` int(11) DEFAULT NULL,
  `Menu_ID` int(11) DEFAULT NULL,
  `Link` varchar(50) DEFAULT NULL,
  PRIMARY KEY (`ID`) USING BTREE
) ENGINE=InnoDB DEFAULT CHARSET=utf8 ROW_FORMAT=DYNAMIC;

LOCK TABLES `access_link` WRITE;
/*!40000 ALTER TABLE `access_link` DISABLE KEYS */;

INSERT INTO `access_link` (`ID`, `User_ID`, `Group_ID`, `Menu_ID`, `Link`)
VALUES
	(51,1,3,13,'Hệ thống'),
	(52,1,3,19,'admin'),
	(53,1,3,20,'menu'),
	(73,2,1,13,'hethong'),
	(74,2,1,21,'report'),
	(75,2,1,22,'/detailmoney'),
	(76,3,3,13,'hethong'),
	(77,3,3,28,'noidung'),
	(78,3,3,29,'news'),
	(79,3,3,30,'catalog'),
	(80,3,3,31,'tag'),
	(81,6,5,53,'daily'),
	(82,6,5,54,'agency/add'),
	(83,6,5,55,'agency'),
	(84,6,5,56,'agency/tranfermoney'),
	(85,8,5,53,'daily'),
	(86,8,5,54,'agency/add'),
	(87,8,5,55,'agency'),
	(88,8,5,56,'agency/tranfermoney'),
	(89,233,9,26,'quanlytaikhoan'),
	(90,233,9,27,'usergame'),
	(91,233,9,64,'usergame/topcaothu'),
	(92,233,9,65,'ccu'),
	(93,233,9,32,'minigame'),
	(94,233,9,33,'logminigame'),
	(95,233,9,34,'logminigame/accounttaixiu'),
	(96,233,9,50,'logminigame/logvqmm'),
	(97,233,9,59,'logminigame/logbaucua'),
	(98,233,9,60,'logminigame/logcaothap'),
	(99,233,9,61,'logminigame/logminipoker'),
	(100,233,9,39,'Loggiaodich'),
	(101,233,9,40,'transaction'),
	(102,233,9,46,'sukien'),
	(103,233,9,47,'logminigame/reportthanhdu'),
	(104,233,9,48,'event'),
	(105,233,9,57,'logbai'),
	(106,233,9,58,'loggamebai'),
	(107,329950,11,46,'sukien'),
	(108,329950,11,95,'mail/blockchat'),
	(191,100724,13,52,'config/listconfig'),
	(192,100724,13,93,'report/moneysystem'),
	(193,100724,13,40,'transaction'),
	(194,100724,13,58,'loggamebai'),
	(195,100724,13,27,'usergame'),
	(196,100724,13,42,'marketing'),
	(197,100724,13,71,'report/rechargebycard'),
	(198,100724,13,39,'Loggiaodich'),
	(199,100724,13,43,'marketing/listcampaing'),
	(200,100724,13,80,'report/rechargebybank'),
	(201,100724,13,94,'report/moneyuser'),
	(202,100724,13,86,'usergame/uservinplay'),
	(203,100724,13,44,'transaction/freemoney'),
	(204,100724,13,96,'logminigame/accounttaixiu'),
	(205,100724,13,62,'mail/sendmail'),
	(206,100724,13,33,'logminigame'),
	(207,100724,13,81,'report/rechargebynganluong'),
	(208,100724,13,103,'report/moneytotal'),
	(209,100724,13,87,'usergame/useradmin'),
	(210,100724,13,26,'quanlytaikhoan'),
	(211,100724,13,90,'usergame/userbot'),
	(212,100724,13,41,'marketing'),
	(213,100724,13,63,'mail'),
	(214,100724,13,50,'logminigame/logvqmm'),
	(215,100724,13,77,'transaction/logtranfer'),
	(216,100724,13,73,'marketing/campain'),
	(217,100724,13,76,'transaction/openmoney'),
	(218,100724,13,67,'ssss'),
	(219,100724,13,104,'usergame/topuserbot'),
	(220,100724,13,88,'usergame/userdaily1'),
	(221,100724,13,102,'transaction/usergiftcode'),
	(222,100724,13,69,'report/cashoutbycard'),
	(223,100724,13,32,'minigame'),
	(224,100724,13,72,'mail/sendmailgc'),
	(225,100724,13,24,'groupuser'),
	(226,100724,13,60,'logminigame/logcaothap'),
	(227,100724,13,78,'mail/messageagent'),
	(228,100724,13,74,'marketing/medium'),
	(229,100724,13,100,'mail/sendmessagegc'),
	(230,100724,13,101,'mail/sendmailgctrian'),
	(231,100724,13,108,'report/chartmoneytotal'),
	(232,100724,13,89,'usergame/userdaily2'),
	(233,100724,13,105,'transaction/refundfee'),
	(234,100724,13,70,'report/cashoutbytopup'),
	(235,100724,13,92,'report'),
	(236,100724,13,79,'usergame/uservippoint'),
	(237,100724,13,57,'logbai'),
	(238,100724,13,37,'actionadmin'),
	(239,100724,13,91,'logminigame/logphienbaucua'),
	(240,100724,13,75,'marketing/source'),
	(241,100724,13,109,'marketing/sourcegiftcode'),
	(242,100724,13,97,'logminigame/logbaucua'),
	(243,100724,13,46,'sukien'),
	(244,100724,13,64,'usergame/topcaothu'),
	(245,100724,13,36,'action'),
	(246,100724,13,61,'logminigame/logminipoker'),
	(247,100724,13,68,'report/cashoutbybank'),
	(248,100724,13,65,'ccu'),
	(249,100724,13,82,'report/logsmsotp'),
	(250,100724,13,98,'logminigame/logpokego'),
	(251,100724,13,51,'configgame'),
	(252,100724,13,20,'menu'),
	(253,100724,13,95,'mail/blockchat'),
	(254,100724,13,83,'report/logbrandname'),
	(255,100724,13,106,'giftcode/giftcodemkt'),
	(256,100724,13,84,'transaction/agentbuy'),
	(257,100724,13,107,'giftcode/giftcodemktuse'),
	(258,100724,13,85,'transaction/agentsale'),
	(259,100724,13,19,'admin'),
	(260,100724,13,99,'logminigame/logkhobau'),
	(261,100724,13,66,'usergame/userlogin'),
	(262,100724,13,13,'hethong'),
	(263,63604,13,52,'config/listconfig'),
	(264,63604,13,93,'report/moneysystem'),
	(265,63604,13,40,'transaction'),
	(266,63604,13,58,'loggamebai'),
	(267,63604,13,27,'usergame'),
	(268,63604,13,42,'marketing'),
	(269,63604,13,71,'report/rechargebycard'),
	(270,63604,13,39,'Loggiaodich'),
	(271,63604,13,43,'marketing/listcampaing'),
	(272,63604,13,80,'report/rechargebybank'),
	(273,63604,13,94,'report/moneyuser'),
	(274,63604,13,86,'usergame/uservinplay'),
	(275,63604,13,44,'transaction/freemoney'),
	(276,63604,13,96,'logminigame/accounttaixiu'),
	(277,63604,13,62,'mail/sendmail'),
	(278,63604,13,33,'logminigame'),
	(279,63604,13,81,'report/rechargebynganluong'),
	(280,63604,13,103,'report/moneytotal'),
	(281,63604,13,87,'usergame/useradmin'),
	(282,63604,13,26,'quanlytaikhoan'),
	(283,63604,13,90,'usergame/userbot'),
	(284,63604,13,41,'marketing'),
	(285,63604,13,63,'mail'),
	(286,63604,13,50,'logminigame/logvqmm'),
	(287,63604,13,77,'transaction/logtranfer'),
	(288,63604,13,73,'marketing/campain'),
	(289,63604,13,76,'transaction/openmoney'),
	(290,63604,13,67,'ssss'),
	(291,63604,13,104,'usergame/topuserbot'),
	(292,63604,13,88,'usergame/userdaily1'),
	(293,63604,13,102,'transaction/usergiftcode'),
	(294,63604,13,69,'report/cashoutbycard'),
	(295,63604,13,32,'minigame'),
	(296,63604,13,72,'mail/sendmailgc'),
	(297,63604,13,24,'groupuser'),
	(298,63604,13,60,'logminigame/logcaothap'),
	(299,63604,13,78,'mail/messageagent'),
	(300,63604,13,74,'marketing/medium'),
	(301,63604,13,100,'mail/sendmessagegc'),
	(302,63604,13,101,'mail/sendmailgctrian'),
	(303,63604,13,108,'report/chartmoneytotal'),
	(304,63604,13,89,'usergame/userdaily2'),
	(305,63604,13,105,'transaction/refundfee'),
	(306,63604,13,70,'report/cashoutbytopup'),
	(307,63604,13,92,'report'),
	(308,63604,13,79,'usergame/uservippoint'),
	(309,63604,13,57,'logbai'),
	(310,63604,13,37,'actionadmin'),
	(311,63604,13,91,'logminigame/logphienbaucua'),
	(312,63604,13,75,'marketing/source'),
	(313,63604,13,109,'marketing/sourcegiftcode'),
	(314,63604,13,97,'logminigame/logbaucua'),
	(315,63604,13,46,'sukien'),
	(316,63604,13,64,'usergame/topcaothu'),
	(317,63604,13,36,'action'),
	(318,63604,13,61,'logminigame/logminipoker'),
	(319,63604,13,68,'report/cashoutbybank'),
	(320,63604,13,65,'ccu'),
	(321,63604,13,82,'report/logsmsotp'),
	(322,63604,13,98,'logminigame/logpokego'),
	(323,63604,13,51,'configgame'),
	(324,63604,13,20,'menu'),
	(325,63604,13,95,'mail/blockchat'),
	(326,63604,13,83,'report/logbrandname'),
	(327,63604,13,106,'giftcode/giftcodemkt'),
	(328,63604,13,84,'transaction/agentbuy'),
	(329,63604,13,107,'giftcode/giftcodemktuse'),
	(330,63604,13,85,'transaction/agentsale'),
	(331,63604,13,19,'admin'),
	(332,63604,13,99,'logminigame/logkhobau'),
	(333,63604,13,66,'usergame/userlogin'),
	(334,63604,13,13,'hethong'),
	(335,236,13,52,'config/listconfig'),
	(336,236,13,93,'report/moneysystem'),
	(337,236,13,40,'transaction'),
	(338,236,13,58,'loggamebai'),
	(339,236,13,27,'usergame'),
	(340,236,13,42,'marketing'),
	(341,236,13,71,'report/rechargebycard'),
	(342,236,13,39,'Loggiaodich'),
	(343,236,13,43,'marketing/listcampaing'),
	(344,236,13,80,'report/rechargebybank'),
	(345,236,13,94,'report/moneyuser'),
	(346,236,13,86,'usergame/uservinplay'),
	(347,236,13,44,'transaction/freemoney'),
	(348,236,13,96,'logminigame/accounttaixiu'),
	(349,236,13,62,'mail/sendmail'),
	(350,236,13,33,'logminigame'),
	(351,236,13,81,'report/rechargebynganluong'),
	(352,236,13,103,'report/moneytotal'),
	(353,236,13,87,'usergame/useradmin'),
	(354,236,13,26,'quanlytaikhoan'),
	(355,236,13,90,'usergame/userbot'),
	(356,236,13,41,'marketing'),
	(357,236,13,63,'mail'),
	(358,236,13,50,'logminigame/logvqmm'),
	(359,236,13,77,'transaction/logtranfer'),
	(360,236,13,73,'marketing/campain'),
	(361,236,13,76,'transaction/openmoney'),
	(362,236,13,67,'ssss'),
	(363,236,13,104,'usergame/topuserbot'),
	(364,236,13,88,'usergame/userdaily1'),
	(365,236,13,102,'transaction/usergiftcode'),
	(366,236,13,69,'report/cashoutbycard'),
	(367,236,13,32,'minigame'),
	(368,236,13,72,'mail/sendmailgc'),
	(369,236,13,24,'groupuser'),
	(370,236,13,60,'logminigame/logcaothap'),
	(371,236,13,78,'mail/messageagent'),
	(372,236,13,74,'marketing/medium'),
	(373,236,13,100,'mail/sendmessagegc'),
	(374,236,13,101,'mail/sendmailgctrian'),
	(375,236,13,108,'report/chartmoneytotal'),
	(376,236,13,89,'usergame/userdaily2'),
	(377,236,13,105,'transaction/refundfee'),
	(378,236,13,70,'report/cashoutbytopup'),
	(379,236,13,92,'report'),
	(380,236,13,79,'usergame/uservippoint'),
	(381,236,13,57,'logbai'),
	(382,236,13,37,'actionadmin'),
	(383,236,13,91,'logminigame/logphienbaucua'),
	(384,236,13,75,'marketing/source'),
	(385,236,13,109,'marketing/sourcegiftcode'),
	(386,236,13,97,'logminigame/logbaucua'),
	(387,236,13,46,'sukien'),
	(388,236,13,64,'usergame/topcaothu'),
	(389,236,13,36,'action'),
	(390,236,13,61,'logminigame/logminipoker'),
	(391,236,13,68,'report/cashoutbybank'),
	(392,236,13,65,'ccu'),
	(393,236,13,82,'report/logsmsotp'),
	(394,236,13,98,'logminigame/logpokego'),
	(395,236,13,51,'configgame'),
	(396,236,13,20,'menu'),
	(397,236,13,95,'mail/blockchat'),
	(398,236,13,83,'report/logbrandname'),
	(399,236,13,106,'giftcode/giftcodemkt'),
	(400,236,13,84,'transaction/agentbuy'),
	(401,236,13,107,'giftcode/giftcodemktuse'),
	(402,236,13,85,'transaction/agentsale'),
	(403,236,13,19,'admin'),
	(404,236,13,99,'logminigame/logkhobau'),
	(405,236,13,66,'usergame/userlogin'),
	(406,236,13,13,'hethong'),
	(581,289,14,40,'transaction'),
	(582,289,14,42,'marketing'),
	(583,289,14,125,'giftcode/mktadd'),
	(584,289,14,93,'report/moneysystem'),
	(585,289,14,139,'event/vippoint'),
	(586,289,14,58,'loggamebai'),
	(587,289,14,27,'usergame'),
	(588,289,14,71,'report/rechargebycard'),
	(589,289,14,96,'logminigame/accounttaixiu'),
	(590,289,14,44,'transaction/freemoney'),
	(591,289,14,43,'marketing/listcampaing'),
	(592,289,14,80,'report/rechargebybank'),
	(593,289,14,126,'giftcode/mktaddgc'),
	(594,289,14,94,'report/moneyuser'),
	(595,289,14,86,'usergame/uservinplay'),
	(596,289,14,140,'event/uservippoint'),
	(597,289,14,33,'logminigame'),
	(598,289,14,39,'Loggiaodich'),
	(599,289,14,62,'mail/sendmail'),
	(600,289,14,134,'report/rechargebyiap'),
	(601,289,14,63,'mail'),
	(602,289,14,117,'giftcode/giftcodeadmin'),
	(603,289,14,81,'report/rechargebynganluong'),
	(604,289,14,127,'giftcode/giftcodemkt'),
	(605,289,14,103,'report/moneytotal'),
	(606,289,14,87,'usergame/useradmin'),
	(607,289,14,26,'quanlytaikhoan'),
	(608,289,14,112,'logaction'),
	(609,289,14,90,'usergame/userbot'),
	(610,289,14,41,'marketing'),
	(611,289,14,77,'transaction/logtranfer'),
	(612,289,14,118,'giftcode'),
	(613,289,14,76,'transaction/openmoney'),
	(614,289,14,73,'marketing/campain'),
	(615,289,14,32,'minigame'),
	(616,289,14,102,'transaction/usergiftcode'),
	(617,289,14,67,'ssss'),
	(618,289,14,128,'giftcode/giftcodemktuse'),
	(619,289,14,104,'usergame/topuserbot'),
	(620,289,14,88,'usergame/userdaily1'),
	(621,289,14,50,'logminigame/logvqmm'),
	(622,289,14,69,'report/cashoutbycard'),
	(623,289,14,92,'report'),
	(624,289,14,72,'mail/sendmailgc'),
	(625,289,14,78,'mail/messageagent'),
	(626,289,14,119,'giftcode/delgiftcode'),
	(627,289,14,74,'marketing/medium'),
	(628,289,14,129,'giftcode/delgiftcodemkt'),
	(629,289,14,105,'transaction/refundfee'),
	(630,289,14,100,'mail/sendmessagegc'),
	(631,289,14,137,'transaction/huydoanhso'),
	(632,289,14,101,'mail/sendmailgctrian'),
	(633,289,14,108,'report/chartmoneytotal'),
	(634,289,14,89,'usergame/userdaily2'),
	(635,289,14,60,'logminigame/logcaothap'),
	(636,289,14,70,'report/cashoutbytopup'),
	(637,289,14,114,'giftcodedaily'),
	(638,289,14,91,'logminigame/logphienbaucua'),
	(639,289,14,57,'logbai'),
	(640,289,14,79,'usergame/uservippoint'),
	(641,289,14,97,'logminigame/logbaucua'),
	(642,289,14,120,'giftcode/giftcodeuseadmin'),
	(643,289,14,75,'marketing/source'),
	(644,289,14,130,'giftcode/giftcodeusemarketing'),
	(645,289,14,109,'marketing/sourcegiftcode'),
	(646,289,14,142,'transaction/bonusds'),
	(647,289,14,46,'sukien'),
	(648,289,14,64,'usergame/topcaothu'),
	(649,289,14,65,'ccu'),
	(650,289,14,144,'user/resetpw'),
	(651,289,14,68,'report/cashoutbybank'),
	(652,289,14,121,'giftcode/giftcodeuse'),
	(653,289,14,131,'giftcode/giftcodeusemkt'),
	(654,289,14,61,'logminigame/logminipoker'),
	(655,289,14,124,'giftcodemarketing'),
	(656,289,14,143,'mail/sendmailfull'),
	(657,289,14,98,'logminigame/logpokego'),
	(658,289,14,82,'report/logsmsotp'),
	(659,289,14,122,'giftcode/usergiftcode'),
	(660,289,14,132,'giftcode/usergiftcodemkt'),
	(661,289,14,133,'giftcode/nicknameusegiftcodemkt'),
	(662,289,14,138,'vippointevent'),
	(663,289,14,66,'usergame/userlogin'),
	(664,289,14,95,'mail/blockchat'),
	(665,289,14,99,'logminigame/logkhobau'),
	(666,289,14,83,'report/logbrandname'),
	(667,289,14,146,'logminigame/lognudiepvien'),
	(668,289,14,84,'transaction/agentbuy'),
	(669,289,14,106,'giftcode/giftcodemkt'),
	(670,289,14,85,'transaction/agentsale'),
	(671,289,14,123,'giftcode/nicknameusegiftcode'),
	(672,289,14,107,'giftcode/giftcodemktuse'),
	(673,289,14,147,'logminigame/logavenger'),
	(674,289,14,135,'usergame/lockalluser'),
	(675,289,14,136,'usergame/checkusername'),
	(676,289,14,141,'usergame/updateinfo'),
	(677,289,14,37,'actionadmin'),
	(678,329953,13,115,'giftcode/adminadd'),
	(679,329953,13,27,'usergame'),
	(680,329953,13,125,'giftcode/mktadd'),
	(681,329953,13,40,'transaction'),
	(682,329953,13,42,'marketing'),
	(683,329953,13,110,'setcau'),
	(684,329953,13,139,'event/vippoint'),
	(685,329953,13,71,'report/rechargebycard'),
	(686,329953,13,52,'config/listconfig'),
	(687,329953,13,93,'report/moneysystem'),
	(688,329953,13,58,'loggamebai'),
	(689,329953,13,116,'giftcode/add'),
	(690,329953,13,39,'Loggiaodich'),
	(691,329953,13,62,'mail/sendmail'),
	(692,329953,13,126,'giftcode/mktaddgc'),
	(693,329953,13,96,'logminigame/accounttaixiu'),
	(694,329953,13,44,'transaction/freemoney'),
	(695,329953,13,43,'marketing/listcampaing'),
	(696,329953,13,134,'report/rechargebyiap'),
	(697,329953,13,111,'soicau'),
	(698,329953,13,140,'event/uservippoint'),
	(699,329953,13,86,'usergame/uservinplay'),
	(700,329953,13,80,'report/rechargebybank'),
	(701,329953,13,33,'logminigame'),
	(702,329953,13,94,'report/moneyuser'),
	(703,329953,13,103,'report/moneytotal'),
	(704,329953,13,90,'usergame/userbot'),
	(705,329953,13,41,'marketing'),
	(706,329953,13,117,'giftcode/giftcodeadmin'),
	(707,329953,13,63,'mail'),
	(708,329953,13,127,'giftcode/giftcodemkt'),
	(709,329953,13,112,'logaction'),
	(710,329953,13,87,'usergame/useradmin'),
	(711,329953,13,81,'report/rechargebynganluong'),
	(712,329953,13,26,'quanlytaikhoan'),
	(713,329953,13,88,'usergame/userdaily1'),
	(714,329953,13,50,'logminigame/logvqmm'),
	(715,329953,13,67,'ssss'),
	(716,329953,13,104,'usergame/topuserbot'),
	(717,329953,13,69,'report/cashoutbycard'),
	(718,329953,13,118,'giftcode'),
	(719,329953,13,128,'giftcode/giftcodemktuse'),
	(720,329953,13,76,'transaction/openmoney'),
	(721,329953,13,73,'marketing/campain'),
	(722,329953,13,77,'transaction/logtranfer'),
	(723,329953,13,32,'minigame'),
	(724,329953,13,102,'transaction/usergiftcode'),
	(725,329953,13,113,'user/congtrutien'),
	(726,329953,13,137,'transaction/huydoanhso'),
	(727,329953,13,101,'mail/sendmailgctrian'),
	(728,329953,13,89,'usergame/userdaily2'),
	(729,329953,13,60,'logminigame/logcaothap'),
	(730,329953,13,108,'report/chartmoneytotal'),
	(731,329953,13,70,'report/cashoutbytopup'),
	(732,329953,13,72,'mail/sendmailgc'),
	(733,329953,13,119,'giftcode/delgiftcode'),
	(734,329953,13,78,'mail/messageagent'),
	(735,329953,13,92,'report'),
	(736,329953,13,24,'groupuser'),
	(737,329953,13,129,'giftcode/delgiftcodemkt'),
	(738,329953,13,74,'marketing/medium'),
	(739,329953,13,105,'transaction/refundfee'),
	(740,329953,13,100,'mail/sendmessagegc'),
	(741,329953,13,114,'giftcodedaily'),
	(742,329953,13,109,'marketing/sourcegiftcode'),
	(743,329953,13,142,'transaction/bonusds'),
	(744,329953,13,46,'sukien'),
	(745,329953,13,64,'usergame/topcaothu'),
	(746,329953,13,91,'logminigame/logphienbaucua'),
	(747,329953,13,120,'giftcode/giftcodeuseadmin'),
	(748,329953,13,79,'usergame/uservippoint'),
	(749,329953,13,97,'logminigame/logbaucua'),
	(750,329953,13,57,'logbai'),
	(751,329953,13,130,'giftcode/giftcodeusemarketing'),
	(752,329953,13,75,'marketing/source'),
	(753,329953,13,131,'giftcode/giftcodeusemkt'),
	(754,329953,13,124,'giftcodemarketing'),
	(755,329953,13,68,'report/cashoutbybank'),
	(756,329953,13,61,'logminigame/logminipoker'),
	(757,329953,13,65,'ccu'),
	(758,329953,13,121,'giftcode/giftcodeuse'),
	(759,329953,13,144,'user/resetpw'),
	(760,329953,13,36,'action'),
	(761,329953,13,82,'report/logsmsotp'),
	(762,329953,13,132,'giftcode/usergiftcodemkt'),
	(763,329953,13,143,'mail/sendmailfull'),
	(764,329953,13,51,'configgame'),
	(765,329953,13,20,'menu'),
	(766,329953,13,98,'logminigame/logpokego'),
	(767,329953,13,122,'giftcode/usergiftcode'),
	(768,329953,13,145,'user/updatevpevent'),
	(769,329953,13,123,'giftcode/nicknameusegiftcode'),
	(770,329953,13,148,'user/refundbonus'),
	(771,329953,13,146,'logminigame/lognudiepvien'),
	(772,329953,13,106,'giftcode/giftcodemkt'),
	(773,329953,13,83,'report/logbrandname'),
	(774,329953,13,133,'giftcode/nicknameusegiftcodemkt'),
	(775,329953,13,107,'giftcode/giftcodemktuse'),
	(776,329953,13,84,'transaction/agentbuy'),
	(777,329953,13,138,'vippointevent'),
	(778,329953,13,85,'transaction/agentsale'),
	(779,329953,13,19,'admin'),
	(780,329953,13,66,'usergame/userlogin'),
	(781,329953,13,95,'mail/blockchat'),
	(782,329953,13,99,'logminigame/logkhobau'),
	(783,329953,13,147,'logminigame/logavenger'),
	(784,329953,13,13,'hethong'),
	(785,329953,13,135,'usergame/lockalluser'),
	(786,329953,13,136,'usergame/checkusername'),
	(787,329953,13,141,'usergame/updateinfo'),
	(788,329953,13,37,'actionadmin'),
	(827,329954,15,40,'transaction'),
	(828,329954,15,93,'report/moneysystem'),
	(829,329954,15,71,'report/rechargebycard'),
	(830,329954,15,58,'loggamebai'),
	(831,329954,15,27,'usergame'),
	(832,329954,15,139,'event/vippoint'),
	(833,329954,15,39,'Loggiaodich'),
	(834,329954,15,140,'event/uservippoint'),
	(835,329954,15,96,'logminigame/accounttaixiu'),
	(836,329954,15,44,'transaction/freemoney'),
	(837,329954,15,94,'report/moneyuser'),
	(838,329954,15,62,'mail/sendmail'),
	(839,329954,15,134,'report/rechargebyiap'),
	(840,329954,15,86,'usergame/uservinplay'),
	(841,329954,15,33,'logminigame'),
	(842,329954,15,80,'report/rechargebybank'),
	(843,329954,15,154,'marketing/rechargevnd'),
	(844,329954,15,90,'usergame/userbot'),
	(845,329954,15,41,'marketing'),
	(846,329954,15,103,'report/moneytotal'),
	(847,329954,15,63,'mail'),
	(848,329954,15,150,'report/rechargeby9029'),
	(849,329954,15,151,'report/rechargeby8x98'),
	(850,329954,15,81,'report/rechargebynganluong'),
	(851,329954,15,26,'quanlytaikhoan'),
	(852,329954,15,69,'report/cashoutbycard'),
	(853,329954,15,76,'transaction/openmoney'),
	(854,329954,15,32,'minigame'),
	(855,329954,15,102,'transaction/usergiftcode'),
	(856,329954,15,77,'transaction/logtranfer'),
	(857,329954,15,104,'usergame/topuserbot'),
	(858,329954,15,88,'usergame/userdaily1'),
	(859,329954,15,50,'logminigame/logvqmm'),
	(860,329954,15,67,'ssss'),
	(861,329954,15,100,'mail/sendmessagegc'),
	(862,329954,15,92,'report'),
	(863,329954,15,101,'mail/sendmailgctrian'),
	(864,329954,15,70,'report/cashoutbytopup'),
	(865,329954,15,105,'transaction/refundfee'),
	(866,329954,15,72,'mail/sendmailgc'),
	(867,329954,15,108,'report/chartmoneytotal'),
	(868,329954,15,137,'transaction/huydoanhso'),
	(869,329954,15,78,'mail/messageagent'),
	(870,329954,15,89,'usergame/userdaily2'),
	(871,329954,15,60,'logminigame/logcaothap'),
	(872,329954,15,64,'usergame/topcaothu'),
	(873,329954,15,91,'logminigame/logphienbaucua'),
	(874,329954,15,109,'marketing/sourcegiftcode'),
	(875,329954,15,46,'sukien'),
	(876,329954,15,97,'logminigame/logbaucua'),
	(877,329954,15,79,'usergame/uservippoint'),
	(878,329954,15,57,'logbai'),
	(879,329954,15,142,'transaction/bonusds'),
	(880,329954,15,61,'logminigame/logminipoker'),
	(881,329954,15,68,'report/cashoutbybank'),
	(882,329954,15,65,'ccu'),
	(883,329954,15,98,'logminigame/logpokego'),
	(884,329954,15,143,'mail/sendmailfull'),
	(885,329954,15,82,'report/logsmsotp'),
	(886,329954,15,83,'report/logbrandname'),
	(887,329954,15,84,'transaction/agentbuy'),
	(888,329954,15,106,'giftcode/giftcodemkt'),
	(889,329954,15,85,'transaction/agentsale'),
	(890,329954,15,66,'usergame/userlogin'),
	(891,329954,15,107,'giftcode/giftcodemktuse'),
	(892,329954,15,99,'logminigame/logkhobau'),
	(893,329954,15,146,'logminigame/lognudiepvien'),
	(894,329954,15,138,'vippointevent'),
	(895,329954,15,95,'mail/blockchat'),
	(896,329954,15,147,'logminigame/logavenger'),
	(897,329954,15,135,'usergame/lockalluser'),
	(898,329954,15,136,'usergame/checkusername'),
	(899,329954,15,141,'usergame/updateinfo'),
	(900,329954,15,37,'actionadmin'),
	(901,329954,15,153,'report/checkmo9029'),
	(902,329955,4,27,'usergame'),
	(903,329955,4,42,'marketing'),
	(904,329955,4,58,'loggamebai'),
	(905,329955,4,67,'ssss'),
	(906,329955,4,71,'report/rechargebycard'),
	(907,329955,4,106,'giftcode/giftcodemkt'),
	(908,329955,4,107,'giftcode/giftcodemktuse'),
	(909,329955,4,43,'marketing/listcampaing'),
	(910,329955,4,96,'logminigame/accounttaixiu'),
	(911,329955,4,154,'marketing/rechargevnd'),
	(912,329955,4,33,'logminigame'),
	(913,329955,4,102,'transaction/usergiftcode'),
	(914,329955,4,50,'logminigame/logvqmm'),
	(915,329955,4,73,'marketing/campain'),
	(916,329955,4,155,'giftcode'),
	(917,329955,4,26,'quanlytaikhoan'),
	(918,329955,4,60,'logminigame/logcaothap'),
	(919,329955,4,74,'marketing/medium'),
	(920,329955,4,41,'marketing'),
	(921,329955,4,64,'usergame/topcaothu'),
	(922,329955,4,91,'logminigame/logphienbaucua'),
	(923,329955,4,97,'logminigame/logbaucua'),
	(924,329955,4,75,'marketing/source'),
	(925,329955,4,61,'logminigame/logminipoker'),
	(926,329955,4,65,'ccu'),
	(927,329955,4,32,'minigame'),
	(928,329955,4,57,'logbai'),
	(929,329955,4,98,'logminigame/logpokego'),
	(930,329955,4,66,'usergame/userlogin'),
	(931,329955,4,46,'sukien'),
	(932,329955,4,99,'logminigame/logkhobau'),
	(933,329955,4,95,'mail/blockchat'),
	(934,329955,4,37,'actionadmin'),
	(935,321709,17,67,'ssss'),
	(936,321709,17,106,'giftcode/giftcodemkt'),
	(937,321709,17,40,'transaction'),
	(938,321709,17,71,'report/rechargebycard'),
	(939,321709,17,84,'transaction/agentbuy'),
	(940,321709,17,33,'logminigame'),
	(941,321709,17,27,'usergame'),
	(942,321709,17,58,'loggamebai'),
	(943,321709,17,134,'report/rechargebyiap'),
	(944,321709,17,107,'giftcode/giftcodemktuse'),
	(945,321709,17,96,'logminigame/accounttaixiu'),
	(946,321709,17,44,'transaction/freemoney'),
	(947,321709,17,86,'usergame/uservinplay'),
	(948,321709,17,80,'report/rechargebybank'),
	(949,321709,17,92,'report'),
	(950,321709,17,85,'transaction/agentsale'),
	(951,321709,17,150,'report/rechargeby9029'),
	(952,321709,17,91,'logminigame/logphienbaucua'),
	(953,321709,17,39,'Loggiaodich'),
	(954,321709,17,151,'report/rechargeby8x98'),
	(955,321709,17,81,'report/rechargebynganluong'),
	(956,321709,17,102,'transaction/usergiftcode'),
	(957,321709,17,77,'transaction/logtranfer'),
	(958,321709,17,97,'logminigame/logbaucua'),
	(959,321709,17,104,'usergame/topuserbot'),
	(960,321709,17,155,'giftcode'),
	(961,321709,17,61,'logminigame/logminipoker'),
	(962,321709,17,70,'report/cashoutbytopup'),
	(963,321709,17,26,'quanlytaikhoan'),
	(964,321709,17,156,'daily'),
	(965,321709,17,79,'usergame/uservippoint'),
	(966,321709,17,60,'logminigame/logcaothap'),
	(967,321709,17,65,'ccu'),
	(968,321709,17,32,'minigame'),
	(969,321709,17,98,'logminigame/logpokego'),
	(970,321709,17,99,'logminigame/logkhobau'),
	(971,321709,17,57,'logbai'),
	(972,321709,17,82,'report/logsmsotp'),
	(973,321709,17,66,'usergame/userlogin'),
	(974,321709,17,46,'sukien'),
	(975,321709,17,95,'mail/blockchat'),
	(976,321709,17,146,'logminigame/lognudiepvien'),
	(977,321709,17,83,'report/logbrandname'),
	(978,321709,17,147,'logminigame/logavenger'),
	(979,321709,17,50,'logminigame/logvqmm'),
	(980,321709,17,173,'logminigame/logvqvip'),
	(981,321709,17,153,'report/checkmo9029'),
	(982,321709,17,37,'actionadmin'),
	(1000,329952,12,67,'ssss'),
	(1001,329952,12,176,'report/doisoatthe'),
	(1002,329952,12,71,'report/rechargebycard'),
	(1003,329952,12,134,'report/rechargebyiap'),
	(1004,329952,12,80,'report/rechargebybank'),
	(1005,329952,12,154,'marketing/rechargevnd'),
	(1006,329952,12,81,'report/rechargebynganluong'),
	(1007,329952,12,174,'report/rechargebyvincard'),
	(1008,329952,12,150,'report/rechargeby9029'),
	(1009,329952,12,151,'report/rechargeby8x98'),
	(1010,329952,12,69,'report/cashoutbycard'),
	(1011,329952,12,175,'doisoat'),
	(1012,329952,12,70,'report/cashoutbytopup'),
	(1013,329952,12,68,'report/cashoutbybank'),
	(1014,329952,12,82,'report/logsmsotp'),
	(1015,329952,12,83,'report/logbrandname'),
	(1016,329952,12,153,'report/checkmo9029'),
	(1017,329956,16,40,'transaction'),
	(1018,329956,16,67,'ssss'),
	(1019,329956,16,27,'usergame'),
	(1020,329956,16,33,'logminigame'),
	(1021,329956,16,42,'marketing'),
	(1022,329956,16,71,'report/rechargebycard'),
	(1023,329956,16,80,'report/rechargebybank'),
	(1024,329956,16,154,'marketing/rechargevnd'),
	(1025,329956,16,96,'logminigame/accounttaixiu'),
	(1026,329956,16,44,'transaction/freemoney'),
	(1027,329956,16,86,'usergame/uservinplay'),
	(1028,329956,16,134,'report/rechargebyiap'),
	(1029,329956,16,43,'marketing/listcampaing'),
	(1030,329956,16,81,'report/rechargebynganluong'),
	(1031,329956,16,174,'report/rechargebyvincard'),
	(1032,329956,16,87,'usergame/useradmin'),
	(1033,329956,16,150,'report/rechargeby9029'),
	(1034,329956,16,90,'usergame/userbot'),
	(1035,329956,16,151,'report/rechargeby8x98'),
	(1036,329956,16,39,'Loggiaodich'),
	(1037,329956,16,91,'logminigame/logphienbaucua'),
	(1038,329956,16,97,'logminigame/logbaucua'),
	(1039,329956,16,76,'transaction/openmoney'),
	(1040,329956,16,88,'usergame/userdaily1'),
	(1041,329956,16,69,'report/cashoutbycard'),
	(1042,329956,16,73,'marketing/campain'),
	(1043,329956,16,77,'transaction/logtranfer'),
	(1044,329956,16,26,'quanlytaikhoan'),
	(1045,329956,16,89,'usergame/userdaily2'),
	(1046,329956,16,70,'report/cashoutbytopup'),
	(1047,329956,16,61,'logminigame/logminipoker'),
	(1048,329956,16,74,'marketing/medium'),
	(1049,329956,16,75,'marketing/source'),
	(1050,329956,16,79,'usergame/uservippoint'),
	(1051,329956,16,109,'marketing/sourcegiftcode'),
	(1052,329956,16,41,'marketing'),
	(1053,329956,16,64,'usergame/topcaothu'),
	(1054,329956,16,60,'logminigame/logcaothap'),
	(1055,329956,16,32,'minigame'),
	(1056,329956,16,98,'logminigame/logpokego'),
	(1057,329956,16,68,'report/cashoutbybank'),
	(1058,329956,16,65,'ccu'),
	(1059,329956,16,82,'report/logsmsotp'),
	(1060,329956,16,99,'logminigame/logkhobau'),
	(1061,329956,16,83,'report/logbrandname'),
	(1062,329956,16,146,'logminigame/lognudiepvien'),
	(1063,329956,16,66,'usergame/userlogin'),
	(1064,329956,16,147,'logminigame/logavenger'),
	(1065,329956,16,50,'logminigame/logvqmm'),
	(1066,329956,16,135,'usergame/lockalluser'),
	(1067,329956,16,136,'usergame/checkusername'),
	(1068,329956,16,141,'usergame/updateinfo'),
	(1069,329956,16,173,'logminigame/logvqvip'),
	(1070,329956,16,152,'usergame/congxu'),
	(1071,329956,16,37,'actionadmin'),
	(1072,329956,16,153,'report/checkmo9029'),
	(1073,329957,16,27,'usergame'),
	(1074,329957,16,33,'logminigame'),
	(1075,329957,16,67,'ssss'),
	(1076,329957,16,176,'report/doisoatthe'),
	(1077,329957,16,42,'marketing'),
	(1078,329957,16,71,'report/rechargebycard'),
	(1079,329957,16,40,'transaction'),
	(1080,329957,16,134,'report/rechargebyiap'),
	(1081,329957,16,43,'marketing/listcampaing'),
	(1082,329957,16,96,'logminigame/accounttaixiu'),
	(1083,329957,16,80,'report/rechargebybank'),
	(1084,329957,16,154,'marketing/rechargevnd'),
	(1085,329957,16,86,'usergame/uservinplay'),
	(1086,329957,16,44,'transaction/freemoney'),
	(1087,329957,16,81,'report/rechargebynganluong'),
	(1088,329957,16,174,'report/rechargebyvincard'),
	(1089,329957,16,87,'usergame/useradmin'),
	(1090,329957,16,177,'report/reportupdatecard'),
	(1091,329957,16,90,'usergame/userbot'),
	(1092,329957,16,150,'report/rechargeby9029'),
	(1093,329957,16,151,'report/rechargeby8x98'),
	(1094,329957,16,91,'logminigame/logphienbaucua'),
	(1095,329957,16,39,'Loggiaodich'),
	(1096,329957,16,76,'transaction/openmoney'),
	(1097,329957,16,88,'usergame/userdaily1'),
	(1098,329957,16,69,'report/cashoutbycard'),
	(1099,329957,16,73,'marketing/campain'),
	(1100,329957,16,77,'transaction/logtranfer'),
	(1101,329957,16,97,'logminigame/logbaucua'),
	(1102,329957,16,26,'quanlytaikhoan'),
	(1103,329957,16,175,'doisoat'),
	(1104,329957,16,89,'usergame/userdaily2'),
	(1105,329957,16,61,'logminigame/logminipoker'),
	(1106,329957,16,70,'report/cashoutbytopup'),
	(1107,329957,16,74,'marketing/medium'),
	(1108,329957,16,109,'marketing/sourcegiftcode'),
	(1109,329957,16,41,'marketing'),
	(1110,329957,16,64,'usergame/topcaothu'),
	(1111,329957,16,60,'logminigame/logcaothap'),
	(1112,329957,16,79,'usergame/uservippoint'),
	(1113,329957,16,75,'marketing/source'),
	(1114,329957,16,32,'minigame'),
	(1115,329957,16,98,'logminigame/logpokego'),
	(1116,329957,16,68,'report/cashoutbybank'),
	(1117,329957,16,65,'ccu'),
	(1118,329957,16,82,'report/logsmsotp'),
	(1119,329957,16,99,'logminigame/logkhobau'),
	(1120,329957,16,83,'report/logbrandname'),
	(1121,329957,16,146,'logminigame/lognudiepvien'),
	(1122,329957,16,66,'usergame/userlogin'),
	(1123,329957,16,147,'logminigame/logavenger'),
	(1124,329957,16,50,'logminigame/logvqmm'),
	(1125,329957,16,135,'usergame/lockalluser'),
	(1126,329957,16,136,'usergame/checkusername'),
	(1127,329957,16,173,'logminigame/logvqvip'),
	(1128,329957,16,141,'usergame/updateinfo'),
	(1129,329957,16,152,'usergame/congxu'),
	(1130,329957,16,37,'actionadmin'),
	(1131,329957,16,153,'report/checkmo9029'),
	(1132,329958,18,172,'report/moneysystemnew'),
	(1133,329958,18,92,'report'),
	(1134,329958,18,170,'report/money'),
	(1135,329958,18,94,'report/moneyuser'),
	(1136,329958,18,26,'quanlytaikhoan'),
	(1137,329958,18,65,'ccu'),
	(1173,57705,19,27,'usergame'),
	(1174,57705,19,106,'giftcode/giftcodemkt'),
	(1175,57705,19,181,'marketing/reportmarketing'),
	(1176,57705,19,40,'transaction'),
	(1177,57705,19,58,'loggamebai'),
	(1178,57705,19,33,'logminigame'),
	(1179,57705,19,42,'marketing'),
	(1180,57705,19,43,'marketing/listcampaing'),
	(1181,57705,19,107,'giftcode/giftcodemktuse'),
	(1182,57705,19,96,'logminigame/accounttaixiu'),
	(1183,57705,19,102,'transaction/usergiftcode'),
	(1184,57705,19,91,'logminigame/logphienbaucua'),
	(1185,57705,19,39,'Loggiaodich'),
	(1186,57705,19,73,'marketing/campain'),
	(1187,57705,19,97,'logminigame/logbaucua'),
	(1188,57705,19,155,'giftcode'),
	(1189,57705,19,26,'quanlytaikhoan'),
	(1190,57705,19,61,'logminigame/logminipoker'),
	(1191,57705,19,74,'marketing/medium'),
	(1192,57705,19,60,'logminigame/logcaothap'),
	(1193,57705,19,64,'usergame/topcaothu'),
	(1194,57705,19,75,'marketing/source'),
	(1195,57705,19,41,'marketing'),
	(1196,57705,19,65,'ccu'),
	(1197,57705,19,32,'minigame'),
	(1198,57705,19,98,'logminigame/logpokego'),
	(1199,57705,19,57,'logbai'),
	(1200,57705,19,99,'logminigame/logkhobau'),
	(1201,57705,19,146,'logminigame/lognudiepvien'),
	(1202,57705,19,66,'usergame/userlogin'),
	(1203,57705,19,147,'logminigame/logavenger'),
	(1204,57705,19,192,'logminigame/logvuongquocvin'),
	(1205,57705,19,50,'logminigame/logvqmm'),
	(1206,57705,19,173,'logminigame/logvqvip'),
	(1207,57705,19,37,'actionadmin'),
	(1264,101461,20,27,'usergame'),
	(1265,101461,20,181,'marketing/reportmarketing'),
	(1266,101461,20,106,'giftcode/giftcodemkt'),
	(1267,101461,20,42,'marketing'),
	(1268,101461,20,58,'loggamebai'),
	(1269,101461,20,33,'logminigame'),
	(1270,101461,20,67,'ssss'),
	(1271,101461,20,84,'transaction/agentbuy'),
	(1272,101461,20,71,'report/rechargebycard'),
	(1273,101461,20,96,'logminigame/accounttaixiu'),
	(1274,101461,20,107,'giftcode/giftcodemktuse'),
	(1275,101461,20,43,'marketing/listcampaing'),
	(1276,101461,20,85,'transaction/agentsale'),
	(1277,101461,20,154,'marketing/rechargevnd'),
	(1278,101461,20,91,'logminigame/logphienbaucua'),
	(1279,101461,20,102,'transaction/usergiftcode'),
	(1280,101461,20,105,'transaction/refundfee'),
	(1281,101461,20,155,'giftcode'),
	(1282,101461,20,97,'logminigame/logbaucua'),
	(1283,101461,20,73,'marketing/campain'),
	(1284,101461,20,61,'logminigame/logminipoker'),
	(1285,101461,20,142,'transaction/bonusds'),
	(1286,101461,20,74,'marketing/medium'),
	(1287,101461,20,26,'quanlytaikhoan'),
	(1288,101461,20,184,'transaction/logtranferdailytong'),
	(1289,101461,20,41,'marketing'),
	(1290,101461,20,156,'daily'),
	(1291,101461,20,60,'logminigame/logcaothap'),
	(1292,101461,20,75,'marketing/source'),
	(1293,101461,20,65,'ccu'),
	(1294,101461,20,32,'minigame'),
	(1295,101461,20,98,'logminigame/logpokego'),
	(1296,101461,20,201,'transaction/ratioagent'),
	(1297,101461,20,57,'logbai'),
	(1298,101461,20,99,'logminigame/logkhobau'),
	(1299,101461,20,46,'sukien'),
	(1300,101461,20,95,'mail/blockchat'),
	(1301,101461,20,66,'usergame/userlogin'),
	(1302,101461,20,146,'logminigame/lognudiepvien'),
	(1303,101461,20,192,'logminigame/logvuongquocvin'),
	(1304,101461,20,147,'logminigame/logavenger'),
	(1305,101461,20,50,'logminigame/logvqmm'),
	(1306,101461,20,173,'logminigame/logvqvip'),
	(1307,101461,20,37,'actionadmin'),
	(1308,329959,22,67,'ssss'),
	(1309,329959,22,71,'report/rechargebycard'),
	(1310,329959,22,42,'marketing'),
	(1311,329959,22,33,'logminigame'),
	(1312,329959,22,176,'report/doisoatthe'),
	(1313,329959,22,181,'marketing/reportmarketing'),
	(1314,329959,22,96,'logminigame/accounttaixiu'),
	(1315,329959,22,154,'marketing/rechargevnd'),
	(1316,329959,22,43,'marketing/listcampaing'),
	(1317,329959,22,91,'logminigame/logphienbaucua'),
	(1318,329959,22,174,'report/rechargebyvincard'),
	(1319,329959,22,97,'logminigame/logbaucua'),
	(1320,329959,22,73,'marketing/campain'),
	(1321,329959,22,74,'marketing/medium'),
	(1322,329959,22,175,'doisoat'),
	(1323,329959,22,61,'logminigame/logminipoker'),
	(1324,329959,22,41,'marketing'),
	(1325,329959,22,202,'report/rechargebymegacard'),
	(1326,329959,22,60,'logminigame/logcaothap'),
	(1327,329959,22,75,'marketing/source'),
	(1328,329959,22,32,'minigame'),
	(1329,329959,22,98,'logminigame/logpokego'),
	(1330,329959,22,99,'logminigame/logkhobau'),
	(1331,329959,22,146,'logminigame/lognudiepvien'),
	(1332,329959,22,192,'logminigame/logvuongquocvin'),
	(1333,329959,22,147,'logminigame/logavenger'),
	(1334,329959,22,50,'logminigame/logvqmm'),
	(1335,329959,22,173,'logminigame/logvqvip'),
	(1336,329966,24,67,'ssss'),
	(1337,329966,24,84,'transaction/agentbuy'),
	(1338,329966,24,40,'transaction'),
	(1339,329966,24,27,'usergame'),
	(1340,329966,24,33,'logminigame'),
	(1341,329966,24,71,'report/rechargebycard'),
	(1342,329966,24,58,'loggamebai'),
	(1343,329966,24,96,'logminigame/accounttaixiu'),
	(1344,329966,24,85,'transaction/agentsale'),
	(1345,329966,24,86,'usergame/uservinplay'),
	(1346,329966,24,134,'report/rechargebyiap'),
	(1347,329966,24,44,'transaction/freemoney'),
	(1348,329966,24,92,'report'),
	(1349,329966,24,80,'report/rechargebybank'),
	(1350,329966,24,154,'marketing/rechargevnd'),
	(1351,329966,24,91,'logminigame/logphienbaucua'),
	(1352,329966,24,39,'Loggiaodich'),
	(1353,329966,24,105,'transaction/refundfee'),
	(1354,329966,24,150,'report/rechargeby9029'),
	(1355,329966,24,177,'report/reportupdatecard'),
	(1356,329966,24,151,'report/rechargeby8x98'),
	(1357,329966,24,94,'report/moneyuser'),
	(1358,329966,24,90,'usergame/userbot'),
	(1359,329966,24,103,'report/moneytotal'),
	(1360,329966,24,81,'report/rechargebynganluong'),
	(1361,329966,24,174,'report/rechargebyvincard'),
	(1362,329966,24,97,'logminigame/logbaucua'),
	(1363,329966,24,69,'report/cashoutbycard'),
	(1364,329966,24,216,'report/rechargefromvtc'),
	(1365,329966,24,88,'usergame/userdaily1'),
	(1366,329966,24,137,'transaction/huydoanhso'),
	(1367,329966,24,77,'transaction/logtranfer'),
	(1368,329966,24,104,'usergame/topuserbot'),
	(1369,329966,24,26,'quanlytaikhoan'),
	(1370,329966,24,70,'report/cashoutbytopup'),
	(1371,329966,24,89,'usergame/userdaily2'),
	(1372,329966,24,142,'transaction/bonusds'),
	(1373,329966,24,183,'transaction/refundi2b'),
	(1374,329966,24,108,'report/chartmoneytotal'),
	(1375,329966,24,61,'logminigame/logminipoker'),
	(1376,329966,24,156,'daily'),
	(1377,329966,24,202,'report/rechargebymegacard'),
	(1378,329966,24,79,'usergame/uservippoint'),
	(1379,329966,24,64,'usergame/topcaothu'),
	(1380,329966,24,60,'logminigame/logcaothap'),
	(1381,329966,24,68,'report/cashoutbybank'),
	(1382,329966,24,32,'minigame'),
	(1383,329966,24,98,'logminigame/logpokego'),
	(1384,329966,24,189,'transaction/freemoneyagent'),
	(1385,329966,24,65,'ccu'),
	(1386,329966,24,82,'report/logsmsotp'),
	(1387,329966,24,99,'logminigame/logkhobau'),
	(1388,329966,24,57,'logbai'),
	(1389,329966,24,66,'usergame/userlogin'),
	(1390,329966,24,83,'report/logbrandname'),
	(1391,329966,24,146,'logminigame/lognudiepvien'),
	(1392,329966,24,192,'logminigame/logvuongquocvin'),
	(1393,329966,24,147,'logminigame/logavenger'),
	(1394,329966,24,187,'usergame/checkinfo'),
	(1395,329966,24,50,'logminigame/logvqmm'),
	(1396,329966,24,135,'usergame/lockalluser'),
	(1397,329966,24,136,'usergame/checkusername'),
	(1398,329966,24,141,'usergame/updateinfo'),
	(1399,329966,24,188,'usergame/checkmobile'),
	(1400,329966,24,173,'logminigame/logvqvip'),
	(1401,329966,24,37,'actionadmin'),
	(1402,329966,24,153,'report/checkmo9029'),
	(1403,329966,24,212,'transaction/logchuyendoivinngoc'),
	(1404,329961,6,205,'user/delgiftcode'),
	(1405,329961,6,58,'loggamebai'),
	(1406,329961,6,172,'report/moneysystemnew'),
	(1407,329961,6,84,'transaction/agentbuy'),
	(1408,329961,6,42,'marketing'),
	(1409,329961,6,161,'giftcodevh/vhadd'),
	(1410,329961,6,71,'report/rechargebycard'),
	(1411,329961,6,27,'usergame'),
	(1412,329961,6,40,'transaction'),
	(1413,329961,6,176,'report/doisoatthe'),
	(1414,329961,6,115,'giftcode/adminadd'),
	(1415,329961,6,125,'giftcode/mktadd'),
	(1416,329961,6,106,'giftcode/giftcodemkt'),
	(1417,329961,6,181,'marketing/reportmarketing'),
	(1418,329961,6,214,'pokertour/add'),
	(1419,329961,6,33,'logminigame'),
	(1420,329961,6,139,'event/vippoint'),
	(1421,329961,6,67,'ssss'),
	(1422,329961,6,170,'report/money'),
	(1423,329961,6,86,'usergame/uservinplay'),
	(1424,329961,6,207,'giftcode/delgiftcodemkt1'),
	(1425,329961,6,134,'report/rechargebyiap'),
	(1426,329961,6,92,'report'),
	(1427,329961,6,96,'logminigame/accounttaixiu'),
	(1428,329961,6,85,'transaction/agentsale'),
	(1429,329961,6,43,'marketing/listcampaing'),
	(1430,329961,6,162,'giftcodevh/vhaddgc'),
	(1431,329961,6,44,'transaction/freemoney'),
	(1432,329961,6,180,'report/doisoatnganluong'),
	(1433,329961,6,80,'report/rechargebybank'),
	(1434,329961,6,154,'marketing/rechargevnd'),
	(1435,329961,6,126,'giftcode/mktaddgc'),
	(1436,329961,6,107,'giftcode/giftcodemktuse'),
	(1437,329961,6,215,'pokertour/updatecode'),
	(1438,329961,6,140,'event/uservippoint'),
	(1439,329961,6,62,'mail/sendmail'),
	(1440,329961,6,63,'mail'),
	(1441,329961,6,193,'report/doisoatmuamt'),
	(1442,329961,6,87,'usergame/useradmin'),
	(1443,329961,6,91,'logminigame/logphienbaucua'),
	(1444,329961,6,199,'event/listbossxocdia'),
	(1445,329961,6,150,'report/rechargeby9029'),
	(1446,329961,6,112,'logaction'),
	(1447,329961,6,39,'Loggiaodich'),
	(1448,329961,6,208,'loggamebai/reportticketfree'),
	(1449,329961,6,151,'report/rechargeby8x98'),
	(1450,329961,6,94,'report/moneyuser'),
	(1451,329961,6,102,'transaction/usergiftcode'),
	(1452,329961,6,105,'transaction/refundfee'),
	(1453,329961,6,103,'report/moneytotal'),
	(1454,329961,6,90,'usergame/userbot'),
	(1455,329961,6,163,'giftcodevh/giftcodevh'),
	(1456,329961,6,117,'giftcode/giftcodeadmin'),
	(1457,329961,6,177,'report/reportupdatecard'),
	(1458,329961,6,81,'report/rechargebynganluong'),
	(1459,329961,6,174,'report/rechargebyvincard'),
	(1460,329961,6,127,'giftcode/giftcodemkt'),
	(1461,329961,6,128,'giftcode/giftcodemktuse'),
	(1462,329961,6,171,'giftcode/checkgiftcode'),
	(1463,329961,6,194,'report/doisoatnapdt'),
	(1464,329961,6,69,'report/cashoutbycard'),
	(1465,329961,6,216,'report/rechargefromvtc'),
	(1466,329961,6,113,'user/congtrutien'),
	(1467,329961,6,88,'usergame/userdaily1'),
	(1468,329961,6,155,'giftcode'),
	(1469,329961,6,97,'logminigame/logbaucua'),
	(1470,329961,6,209,'loggamebai/reportcodefree'),
	(1471,329961,6,77,'transaction/logtranfer'),
	(1472,329961,6,137,'transaction/huydoanhso'),
	(1473,329961,6,104,'usergame/topuserbot'),
	(1474,329961,6,164,'giftcodevh/giftcodevhuse'),
	(1475,329961,6,118,'giftcode'),
	(1476,329961,6,178,'usergame/logchangemobile'),
	(1477,329961,6,144,'user/resetpw'),
	(1478,329961,6,183,'transaction/refundi2b'),
	(1479,329961,6,61,'logminigame/logminipoker'),
	(1480,329961,6,72,'mail/sendmailgc'),
	(1481,329961,6,78,'mail/messageagent'),
	(1482,329961,6,70,'report/cashoutbytopup'),
	(1483,329961,6,185,'user/congtientaixiu'),
	(1484,329961,6,26,'quanlytaikhoan'),
	(1485,329961,6,175,'doisoat'),
	(1486,329961,6,89,'usergame/userdaily2'),
	(1487,329961,6,100,'mail/sendmessagegc'),
	(1488,329961,6,213,'pokertour'),
	(1489,329961,6,101,'mail/sendmailgctrian'),
	(1490,329961,6,210,'loggamebai/reportlocodefree'),
	(1491,329961,6,142,'transaction/bonusds'),
	(1492,329961,6,190,'report/doisoatvmg'),
	(1493,329961,6,108,'report/chartmoneytotal'),
	(1494,329961,6,120,'giftcode/giftcodeuseadmin'),
	(1495,329961,6,60,'logminigame/logcaothap'),
	(1496,329961,6,79,'usergame/uservippoint'),
	(1497,329961,6,130,'giftcode/giftcodeusemarketing'),
	(1498,329961,6,145,'user/updatevpevent'),
	(1499,329961,6,156,'daily'),
	(1500,329961,6,204,'event/listbonusnhiemvu'),
	(1501,329961,6,41,'marketing'),
	(1502,329961,6,64,'usergame/topcaothu'),
	(1503,329961,6,211,'loggamebai/reportcodepokertour'),
	(1504,329961,6,109,'marketing/sourcegiftcode'),
	(1505,329961,6,184,'transaction/logtranferdailytong'),
	(1506,329961,6,166,'giftcodevh/giftcodeusevanhanh'),
	(1507,329961,6,191,'report/doisoatbrandname'),
	(1508,329961,6,218,'user/congtruslot'),
	(1509,329961,6,202,'report/rechargebymegacard'),
	(1510,329961,6,157,'report/chartmoneyagent'),
	(1511,329961,6,189,'transaction/freemoneyagent'),
	(1512,329961,6,167,'giftcodevh/giftcodeusevh'),
	(1513,329961,6,68,'report/cashoutbybank'),
	(1514,329961,6,121,'giftcode/giftcodeuse'),
	(1515,329961,6,131,'giftcode/giftcodeusemkt'),
	(1516,329961,6,148,'user/refundbonus'),
	(1517,329961,6,195,'report/reportbycard'),
	(1518,329961,6,200,'user/delsecuser'),
	(1519,329961,6,32,'minigame'),
	(1520,329961,6,98,'logminigame/logpokego'),
	(1521,329961,6,65,'ccu'),
	(1522,329961,6,57,'logbai'),
	(1523,329961,6,168,'giftcodevh/usergiftcodevh'),
	(1524,329961,6,122,'giftcode/usergiftcode'),
	(1525,329961,6,132,'giftcode/usergiftcodemkt'),
	(1526,329961,6,196,'report/doisoat9029'),
	(1527,329961,6,99,'logminigame/logkhobau'),
	(1528,329961,6,143,'mail/sendmailfull'),
	(1529,329961,6,186,'mail/sendmailvincard'),
	(1530,329961,6,82,'report/logsmsotp'),
	(1531,329961,6,83,'report/logbrandname'),
	(1532,329961,6,159,'user/reportgc'),
	(1533,329961,6,169,'giftcodevh/nicknameusegiftcodevh'),
	(1534,329961,6,123,'giftcode/nicknameusegiftcode'),
	(1535,329961,6,95,'mail/blockchat'),
	(1536,329961,6,133,'giftcode/nicknameusegiftcodemkt'),
	(1537,329961,6,197,'report/doisoat8x98'),
	(1538,329961,6,46,'sukien'),
	(1539,329961,6,146,'logminigame/lognudiepvien'),
	(1540,329961,6,182,'user/delgiftcode1'),
	(1541,329961,6,66,'usergame/userlogin'),
	(1542,329961,6,147,'logminigame/logavenger'),
	(1543,329961,6,192,'logminigame/logvuongquocvin'),
	(1544,329961,6,124,'giftcodemarketing'),
	(1545,329961,6,138,'vippointevent'),
	(1546,329961,6,198,'report/doisoatvincard'),
	(1547,329961,6,160,'giftcodevh'),
	(1548,329961,6,187,'usergame/checkinfo'),
	(1549,329961,6,135,'usergame/lockalluser'),
	(1550,329961,6,203,'report/doisoatmegacard'),
	(1551,329961,6,136,'usergame/checkusername'),
	(1552,329961,6,50,'logminigame/logvqmm'),
	(1553,329961,6,141,'usergame/updateinfo'),
	(1554,329961,6,173,'logminigame/logvqvip'),
	(1555,329961,6,114,'giftcodedaily'),
	(1556,329961,6,188,'usergame/checkmobile'),
	(1557,329961,6,152,'usergame/congxu'),
	(1558,329961,6,153,'report/checkmo9029'),
	(1559,329961,6,37,'actionadmin'),
	(1560,329961,6,212,'transaction/logchuyendoivinngoc'),
	(1561,329961,6,179,'actionadmin/loglogin'),
	(1562,329971,19,181,'marketing/reportmarketing'),
	(1563,329971,19,40,'transaction'),
	(1564,329971,19,106,'giftcode/giftcodemkt'),
	(1565,329971,19,33,'logminigame'),
	(1566,329971,19,42,'marketing'),
	(1567,329971,19,58,'loggamebai'),
	(1568,329971,19,67,'ssss'),
	(1569,329971,19,27,'usergame'),
	(1570,329971,19,71,'report/rechargebycard'),
	(1571,329971,19,96,'logminigame/accounttaixiu'),
	(1572,329971,19,107,'giftcode/giftcodemktuse'),
	(1573,329971,19,43,'marketing/listcampaing'),
	(1574,329971,19,154,'marketing/rechargevnd'),
	(1575,329971,19,39,'Loggiaodich'),
	(1576,329971,19,102,'transaction/usergiftcode'),
	(1577,329971,19,91,'logminigame/logphienbaucua'),
	(1578,329971,19,155,'giftcode'),
	(1579,329971,19,97,'logminigame/logbaucua'),
	(1580,329971,19,73,'marketing/campain'),
	(1581,329971,19,26,'quanlytaikhoan'),
	(1582,329971,19,61,'logminigame/logminipoker'),
	(1583,329971,19,74,'marketing/medium'),
	(1584,329971,19,41,'marketing'),
	(1585,329971,19,60,'logminigame/logcaothap'),
	(1586,329971,19,75,'marketing/source'),
	(1587,329971,19,65,'ccu'),
	(1588,329971,19,32,'minigame'),
	(1589,329971,19,98,'logminigame/logpokego'),
	(1590,329971,19,99,'logminigame/logkhobau'),
	(1591,329971,19,57,'logbai'),
	(1592,329971,19,66,'usergame/userlogin'),
	(1593,329971,19,46,'sukien'),
	(1594,329971,19,95,'mail/blockchat'),
	(1595,329971,19,146,'logminigame/lognudiepvien'),
	(1596,329971,19,147,'logminigame/logavenger'),
	(1597,329971,19,192,'logminigame/logvuongquocvin'),
	(1598,329971,19,50,'logminigame/logvqmm'),
	(1599,329971,19,173,'logminigame/logvqvip'),
	(1600,329971,19,37,'actionadmin'),
	(1760,329963,24,27,'usergame'),
	(1761,329963,24,33,'logminigame'),
	(1762,329963,24,84,'transaction/agentbuy'),
	(1763,329963,24,71,'report/rechargebycard'),
	(1764,329963,24,58,'loggamebai'),
	(1765,329963,24,40,'transaction'),
	(1766,329963,24,67,'ssss'),
	(1767,329963,24,134,'report/rechargebyiap'),
	(1768,329963,24,85,'transaction/agentsale'),
	(1769,329963,24,92,'report'),
	(1770,329963,24,62,'mail/sendmail'),
	(1771,329963,24,80,'report/rechargebybank'),
	(1772,329963,24,154,'marketing/rechargevnd'),
	(1773,329963,24,96,'logminigame/accounttaixiu'),
	(1774,329963,24,86,'usergame/uservinplay'),
	(1775,329963,24,170,'report/money'),
	(1776,329963,24,44,'transaction/freemoney'),
	(1777,329963,24,177,'report/reportupdatecard'),
	(1778,329963,24,90,'usergame/userbot'),
	(1779,329963,24,150,'report/rechargeby9029'),
	(1780,329963,24,151,'report/rechargeby8x98'),
	(1781,329963,24,105,'transaction/refundfee'),
	(1782,329963,24,94,'report/moneyuser'),
	(1783,329963,24,91,'logminigame/logphienbaucua'),
	(1784,329963,24,63,'mail'),
	(1785,329963,24,103,'report/moneytotal'),
	(1786,329963,24,39,'Loggiaodich'),
	(1787,329963,24,81,'report/rechargebynganluong'),
	(1788,329963,24,174,'report/rechargebyvincard'),
	(1789,329963,24,69,'report/cashoutbycard'),
	(1790,329963,24,216,'report/rechargefromvtc'),
	(1791,329963,24,77,'transaction/logtranfer'),
	(1792,329963,24,137,'transaction/huydoanhso'),
	(1793,329963,24,104,'usergame/topuserbot'),
	(1794,329963,24,97,'logminigame/logbaucua'),
	(1795,329963,24,88,'usergame/userdaily1'),
	(1796,329963,24,89,'usergame/userdaily2'),
	(1797,329963,24,100,'mail/sendmessagegc'),
	(1798,329963,24,183,'transaction/refundi2b'),
	(1799,329963,24,101,'mail/sendmailgctrian'),
	(1800,329963,24,70,'report/cashoutbytopup'),
	(1801,329963,24,61,'logminigame/logminipoker'),
	(1802,329963,24,142,'transaction/bonusds'),
	(1803,329963,24,72,'mail/sendmailgc'),
	(1804,329963,24,108,'report/chartmoneytotal'),
	(1805,329963,24,78,'mail/messageagent'),
	(1806,329963,24,26,'quanlytaikhoan'),
	(1807,329963,24,156,'daily'),
	(1808,329963,24,64,'usergame/topcaothu'),
	(1809,329963,24,60,'logminigame/logcaothap'),
	(1810,329963,24,79,'usergame/uservippoint'),
	(1811,329963,24,202,'report/rechargebymegacard'),
	(1812,329963,24,65,'ccu'),
	(1813,329963,24,189,'transaction/freemoneyagent'),
	(1814,329963,24,32,'minigame'),
	(1815,329963,24,98,'logminigame/logpokego'),
	(1816,329963,24,68,'report/cashoutbybank'),
	(1817,329963,24,99,'logminigame/logkhobau'),
	(1818,329963,24,143,'mail/sendmailfull'),
	(1819,329963,24,186,'mail/sendmailvincard'),
	(1820,329963,24,57,'logbai'),
	(1821,329963,24,82,'report/logsmsotp'),
	(1822,329963,24,146,'logminigame/lognudiepvien'),
	(1823,329963,24,46,'sukien'),
	(1824,329963,24,66,'usergame/userlogin'),
	(1825,329963,24,95,'mail/blockchat'),
	(1826,329963,24,83,'report/logbrandname'),
	(1827,329963,24,147,'logminigame/logavenger'),
	(1828,329963,24,192,'logminigame/logvuongquocvin'),
	(1829,329963,24,50,'logminigame/logvqmm'),
	(1830,329963,24,135,'usergame/lockalluser'),
	(1831,329963,24,136,'usergame/checkusername'),
	(1832,329963,24,187,'usergame/checkinfo'),
	(1833,329963,24,173,'logminigame/logvqvip'),
	(1834,329963,24,141,'usergame/updateinfo'),
	(1835,329963,24,188,'usergame/checkmobile'),
	(1836,329963,24,37,'actionadmin'),
	(1837,329963,24,221,'transaction/logsmsnotifi'),
	(1838,329963,24,153,'report/checkmo9029'),
	(1839,329963,24,212,'transaction/logchuyendoivinngoc'),
	(1840,329970,27,40,'transaction'),
	(1841,329970,27,67,'ssss'),
	(1842,329970,27,106,'giftcode/giftcodemkt'),
	(1843,329970,27,27,'usergame'),
	(1844,329970,27,39,'Loggiaodich'),
	(1845,329970,27,102,'transaction/usergiftcode'),
	(1846,329970,27,77,'transaction/logtranfer'),
	(1847,329970,27,155,'giftcode'),
	(1848,329970,27,26,'quanlytaikhoan'),
	(1849,329970,27,156,'daily'),
	(1850,329970,27,189,'transaction/freemoneyagent'),
	(1851,329974,13,224,'taixiu'),
	(1852,329974,13,42,'marketing'),
	(1853,329974,13,176,'report/doisoatthe'),
	(1854,329974,13,40,'transaction'),
	(1855,329974,13,110,'setcau'),
	(1856,329974,13,181,'marketing/reportmarketing'),
	(1857,329974,13,52,'config/listconfig'),
	(1858,329974,13,125,'giftcode/mktadd'),
	(1859,329974,13,234,'user/update'),
	(1860,329974,13,84,'transaction/agentbuy'),
	(1861,329974,13,205,'user/delgiftcode'),
	(1862,329974,13,214,'pokertour/add'),
	(1863,329974,13,71,'report/rechargebycard'),
	(1864,329974,13,27,'usergame'),
	(1865,329974,13,172,'report/moneysystemnew'),
	(1866,329974,13,115,'giftcode/adminadd'),
	(1867,329974,13,58,'loggamebai'),
	(1868,329974,13,33,'logminigame'),
	(1869,329974,13,161,'giftcodevh/vhadd'),
	(1870,329974,13,139,'event/vippoint'),
	(1871,329974,13,226,'xocxoc'),
	(1872,329974,13,106,'giftcode/giftcodemkt'),
	(1873,329974,13,67,'ssss'),
	(1874,329974,13,227,'xocdia'),
	(1875,329974,13,207,'giftcode/delgiftcodemkt1'),
	(1876,329974,13,148,'user/refundbonus'),
	(1877,329974,13,86,'usergame/uservinplay'),
	(1878,329974,13,43,'marketing/listcampaing'),
	(1879,329974,13,180,'report/doisoatnganluong'),
	(1880,329974,13,44,'transaction/freemoney'),
	(1881,329974,13,111,'soicau'),
	(1882,329974,13,96,'logminigame/accounttaixiu'),
	(1883,329974,13,149,'confignew/listconfig'),
	(1884,329974,13,126,'giftcode/mktaddgc'),
	(1885,329974,13,92,'report'),
	(1886,329974,13,231,'transaction/openfreezemoney'),
	(1887,329974,13,62,'mail/sendmail'),
	(1888,329974,13,170,'report/money'),
	(1889,329974,13,85,'transaction/agentsale'),
	(1890,329974,13,154,'marketing/rechargevnd'),
	(1891,329974,13,215,'pokertour/updatecode'),
	(1892,329974,13,116,'giftcode/add'),
	(1893,329974,13,80,'report/rechargebybank'),
	(1894,329974,13,134,'report/rechargebyiap'),
	(1895,329974,13,162,'giftcodevh/vhaddgc'),
	(1896,329974,13,219,'transaction/topdoanhso'),
	(1897,329974,13,140,'event/uservippoint'),
	(1898,329974,13,107,'giftcode/giftcodemktuse'),
	(1899,329974,13,193,'report/doisoatmuamt'),
	(1900,329974,13,151,'report/rechargeby8x98'),
	(1901,329974,13,39,'Loggiaodich'),
	(1902,329974,13,91,'logminigame/logphienbaucua'),
	(1903,329974,13,90,'usergame/userbot'),
	(1904,329974,13,208,'loggamebai/reportticketfree'),
	(1905,329974,13,102,'transaction/usergiftcode'),
	(1906,329974,13,177,'report/reportupdatecard'),
	(1907,329974,13,225,'user/blacklist'),
	(1908,329974,13,127,'giftcode/giftcodemkt'),
	(1909,329974,13,94,'report/moneyuser'),
	(1910,329974,13,232,'user/logictaixiu'),
	(1911,329974,13,63,'mail'),
	(1912,329974,13,105,'transaction/refundfee'),
	(1913,329974,13,174,'report/rechargebyvincard'),
	(1914,329974,13,199,'event/listbossxocdia'),
	(1915,329974,13,112,'logaction'),
	(1916,329974,13,87,'usergame/useradmin'),
	(1917,329974,13,117,'giftcode/giftcodeadmin'),
	(1918,329974,13,81,'report/rechargebynganluong'),
	(1919,329974,13,150,'report/rechargeby9029'),
	(1920,329974,13,163,'giftcodevh/giftcodevh'),
	(1921,329974,13,118,'giftcode'),
	(1922,329974,13,216,'report/rechargefromvtc'),
	(1923,329974,13,164,'giftcodevh/giftcodevhuse'),
	(1924,329974,13,194,'report/doisoatnapdt'),
	(1925,329974,13,171,'giftcode/checkgiftcode'),
	(1926,329974,13,155,'giftcode'),
	(1927,329974,13,69,'report/cashoutbycard'),
	(1928,329974,13,73,'marketing/campain'),
	(1929,329974,13,209,'loggamebai/reportcodefree'),
	(1930,329974,13,178,'usergame/logchangemobile'),
	(1931,329974,13,77,'transaction/logtranfer'),
	(1932,329974,13,128,'giftcode/giftcodemktuse'),
	(1933,329974,13,137,'transaction/huydoanhso'),
	(1934,329974,13,104,'usergame/topuserbot'),
	(1935,329974,13,97,'logminigame/logbaucua'),
	(1936,329974,13,113,'user/congtrutien'),
	(1937,329974,13,88,'usergame/userdaily1'),
	(1938,329974,13,144,'user/resetpw'),
	(1939,329974,13,175,'doisoat'),
	(1940,329974,13,61,'logminigame/logminipoker'),
	(1941,329974,13,89,'usergame/userdaily2'),
	(1942,329974,13,185,'user/congtientaixiu'),
	(1943,329974,13,100,'mail/sendmessagegc'),
	(1944,329974,13,101,'mail/sendmailgctrian'),
	(1945,329974,13,213,'pokertour'),
	(1946,329974,13,70,'report/cashoutbytopup'),
	(1947,329974,13,74,'marketing/medium'),
	(1948,329974,13,210,'loggamebai/reportlocodefree'),
	(1949,329974,13,24,'groupuser'),
	(1950,329974,13,72,'mail/sendmailgc'),
	(1951,329974,13,235,'usergame/topuserrecharge'),
	(1952,329974,13,190,'report/doisoatvmg'),
	(1953,329974,13,183,'transaction/refundi2b'),
	(1954,329974,13,78,'mail/messageagent'),
	(1955,329974,13,142,'transaction/bonusds'),
	(1956,329974,13,222,'user/congtrutienbot'),
	(1957,329974,13,26,'quanlytaikhoan'),
	(1958,329974,13,41,'marketing'),
	(1959,329974,13,184,'transaction/logtranferdailytong'),
	(1960,329974,13,109,'marketing/sourcegiftcode'),
	(1961,329974,13,79,'usergame/uservippoint'),
	(1962,329974,13,120,'giftcode/giftcodeuseadmin'),
	(1963,329974,13,145,'user/updatevpevent'),
	(1964,329974,13,166,'giftcodevh/giftcodeusevanhanh'),
	(1965,329974,13,156,'daily'),
	(1966,329974,13,75,'marketing/source'),
	(1967,329974,13,103,'report/moneytotal'),
	(1968,329974,13,211,'loggamebai/reportcodepokertour'),
	(1969,329974,13,202,'report/rechargebymegacard'),
	(1970,329974,13,130,'giftcode/giftcodeusemarketing'),
	(1971,329974,13,191,'report/doisoatbrandname'),
	(1972,329974,13,204,'event/listbonusnhiemvu'),
	(1973,329974,13,60,'logminigame/logcaothap'),
	(1974,329974,13,98,'logminigame/logpokego'),
	(1975,329974,13,228,'event/topthanhdu'),
	(1976,329974,13,233,'daily'),
	(1977,329974,13,189,'transaction/freemoneyagent'),
	(1978,329974,13,195,'report/reportbycard'),
	(1979,329974,13,121,'giftcode/giftcodeuse'),
	(1980,329974,13,200,'user/delsecuser'),
	(1981,329974,13,32,'minigame'),
	(1982,329974,13,167,'giftcodevh/giftcodeusevh'),
	(1983,329974,13,36,'action'),
	(1984,329974,13,65,'ccu'),
	(1985,329974,13,108,'report/chartmoneytotal'),
	(1986,329974,13,131,'giftcode/giftcodeusemkt'),
	(1987,329974,13,68,'report/cashoutbybank'),
	(1988,329974,13,220,'transaction/logtranferagenttodailytong'),
	(1989,329974,13,157,'report/chartmoneyagent'),
	(1990,329974,13,132,'giftcode/usergiftcodemkt'),
	(1991,329974,13,99,'logminigame/logkhobau'),
	(1992,329974,13,229,'event/thungphasanh'),
	(1993,329974,13,196,'report/doisoat9029'),
	(1994,329974,13,143,'mail/sendmailfull'),
	(1995,329974,13,57,'logbai'),
	(1996,329974,13,82,'report/logsmsotp'),
	(1997,329974,13,20,'menu'),
	(1998,329974,13,186,'mail/sendmailvincard'),
	(1999,329974,13,201,'transaction/ratioagent'),
	(2000,329974,13,168,'giftcodevh/usergiftcodevh'),
	(2001,329974,13,122,'giftcode/usergiftcode'),
	(2002,329974,13,123,'giftcode/nicknameusegiftcode'),
	(2003,329974,13,95,'mail/blockchat'),
	(2004,329974,13,133,'giftcode/nicknameusegiftcodemkt'),
	(2005,329974,13,146,'logminigame/lognudiepvien'),
	(2006,329974,13,230,'event/toichontom'),
	(2007,329974,13,159,'user/reportgc'),
	(2008,329974,13,46,'sukien'),
	(2009,329974,13,182,'user/delgiftcode1'),
	(2010,329974,13,19,'admin'),
	(2011,329974,13,158,'event/addbotcaothap'),
	(2012,329974,13,83,'report/logbrandname'),
	(2013,329974,13,197,'report/doisoat8x98'),
	(2014,329974,13,169,'giftcodevh/nicknameusegiftcodevh'),
	(2015,329974,13,66,'usergame/userlogin'),
	(2016,329974,13,198,'report/doisoatvincard'),
	(2017,329974,13,223,'transaction/sumrefundfee'),
	(2018,329974,13,51,'configgame'),
	(2019,329974,13,124,'giftcodemarketing'),
	(2020,329974,13,138,'vippointevent'),
	(2021,329974,13,147,'logminigame/logavenger'),
	(2022,329974,13,192,'logminigame/logvuongquocvin'),
	(2023,329974,13,187,'usergame/checkinfo'),
	(2024,329974,13,203,'report/doisoatmegacard'),
	(2025,329974,13,236,'transaction/topdoanhsoban'),
	(2026,329974,13,217,'report/doisoatfromvtc'),
	(2027,329974,13,13,'hethong'),
	(2028,329974,13,135,'usergame/lockalluser'),
	(2029,329974,13,136,'usergame/checkusername'),
	(2030,329974,13,160,'giftcodevh'),
	(2031,329974,13,50,'logminigame/logvqmm'),
	(2032,329974,13,114,'giftcodedaily'),
	(2033,329974,13,188,'usergame/checkmobile'),
	(2034,329974,13,173,'logminigame/logvqvip'),
	(2035,329974,13,141,'usergame/updateinfo'),
	(2036,329974,13,152,'usergame/congxu'),
	(2037,329974,13,153,'report/checkmo9029'),
	(2038,329974,13,221,'transaction/logsmsnotifi'),
	(2039,329974,13,37,'actionadmin'),
	(2040,329974,13,179,'actionadmin/loglogin'),
	(2041,329974,13,212,'transaction/logchuyendoivinngoc'),
	(2042,329975,13,161,'giftcodevh/vhadd'),
	(2043,329975,13,42,'marketing'),
	(2044,329975,13,226,'xocxoc'),
	(2045,329975,13,125,'giftcode/mktadd'),
	(2046,329975,13,84,'transaction/agentbuy'),
	(2047,329975,13,40,'transaction'),
	(2048,329975,13,227,'xocdia'),
	(2049,329975,13,52,'config/listconfig'),
	(2050,329975,13,224,'taixiu'),
	(2051,329975,13,115,'giftcode/adminadd'),
	(2052,329975,13,214,'pokertour/add'),
	(2053,329975,13,176,'report/doisoatthe'),
	(2054,329975,13,110,'setcau'),
	(2055,329975,13,67,'ssss'),
	(2056,329975,13,33,'logminigame'),
	(2057,329975,13,71,'report/rechargebycard'),
	(2058,329975,13,172,'report/moneysystemnew'),
	(2059,329975,13,106,'giftcode/giftcodemkt'),
	(2060,329975,13,234,'user/update'),
	(2061,329975,13,58,'loggamebai'),
	(2062,329975,13,27,'usergame'),
	(2063,329975,13,139,'event/vippoint'),
	(2064,329975,13,205,'user/delgiftcode'),
	(2065,329975,13,181,'marketing/reportmarketing'),
	(2066,329975,13,207,'giftcode/delgiftcodemkt1'),
	(2067,329975,13,62,'mail/sendmail'),
	(2068,329975,13,162,'giftcodevh/vhaddgc'),
	(2069,329975,13,43,'marketing/listcampaing'),
	(2070,329975,13,96,'logminigame/accounttaixiu'),
	(2071,329975,13,126,'giftcode/mktaddgc'),
	(2072,329975,13,86,'usergame/uservinplay'),
	(2073,329975,13,44,'transaction/freemoney'),
	(2074,329975,13,134,'report/rechargebyiap'),
	(2075,329975,13,149,'confignew/listconfig'),
	(2076,329975,13,154,'marketing/rechargevnd'),
	(2077,329975,13,170,'report/money'),
	(2078,329975,13,116,'giftcode/add'),
	(2079,329975,13,92,'report'),
	(2080,329975,13,215,'pokertour/updatecode'),
	(2081,329975,13,231,'transaction/openfreezemoney'),
	(2082,329975,13,148,'user/refundbonus'),
	(2083,329975,13,180,'report/doisoatnganluong'),
	(2084,329975,13,111,'soicau'),
	(2085,329975,13,107,'giftcode/giftcodemktuse'),
	(2086,329975,13,80,'report/rechargebybank'),
	(2087,329975,13,85,'transaction/agentsale'),
	(2088,329975,13,140,'event/uservippoint'),
	(2089,329975,13,219,'transaction/topdoanhso'),
	(2090,329975,13,81,'report/rechargebynganluong'),
	(2091,329975,13,105,'transaction/refundfee'),
	(2092,329975,13,208,'loggamebai/reportticketfree'),
	(2093,329975,13,91,'logminigame/logphienbaucua'),
	(2094,329975,13,39,'Loggiaodich'),
	(2095,329975,13,63,'mail'),
	(2096,329975,13,163,'giftcodevh/giftcodevh'),
	(2097,329975,13,193,'report/doisoatmuamt'),
	(2098,329975,13,102,'transaction/usergiftcode'),
	(2099,329975,13,127,'giftcode/giftcodemkt'),
	(2100,329975,13,177,'report/reportupdatecard'),
	(2101,329975,13,150,'report/rechargeby9029'),
	(2102,329975,13,87,'usergame/useradmin'),
	(2103,329975,13,174,'report/rechargebyvincard'),
	(2104,329975,13,151,'report/rechargeby8x98'),
	(2105,329975,13,117,'giftcode/giftcodeadmin'),
	(2106,329975,13,94,'report/moneyuser'),
	(2107,329975,13,225,'user/blacklist'),
	(2108,329975,13,199,'event/listbossxocdia'),
	(2109,329975,13,112,'logaction'),
	(2110,329975,13,90,'usergame/userbot'),
	(2111,329975,13,232,'user/logictaixiu'),
	(2112,329975,13,104,'usergame/topuserbot'),
	(2113,329975,13,216,'report/rechargefromvtc'),
	(2114,329975,13,113,'user/congtrutien'),
	(2115,329975,13,171,'giftcode/checkgiftcode'),
	(2116,329975,13,137,'transaction/huydoanhso'),
	(2117,329975,13,209,'loggamebai/reportcodefree'),
	(2118,329975,13,73,'marketing/campain'),
	(2119,329975,13,155,'giftcode'),
	(2120,329975,13,69,'report/cashoutbycard'),
	(2121,329975,13,164,'giftcodevh/giftcodevhuse'),
	(2122,329975,13,194,'report/doisoatnapdt'),
	(2123,329975,13,178,'usergame/logchangemobile'),
	(2124,329975,13,88,'usergame/userdaily1'),
	(2125,329975,13,97,'logminigame/logbaucua'),
	(2126,329975,13,128,'giftcode/giftcodemktuse'),
	(2127,329975,13,77,'transaction/logtranfer'),
	(2128,329975,13,118,'giftcode'),
	(2129,329975,13,183,'transaction/refundi2b'),
	(2130,329975,13,61,'logminigame/logminipoker'),
	(2131,329975,13,144,'user/resetpw'),
	(2132,329975,13,185,'user/congtientaixiu'),
	(2133,329975,13,190,'report/doisoatvmg'),
	(2134,329975,13,24,'groupuser'),
	(2135,329975,13,142,'transaction/bonusds'),
	(2136,329975,13,222,'user/congtrutienbot'),
	(2137,329975,13,72,'mail/sendmailgc'),
	(2138,329975,13,213,'pokertour'),
	(2139,329975,13,210,'loggamebai/reportlocodefree'),
	(2140,329975,13,74,'marketing/medium'),
	(2141,329975,13,175,'doisoat'),
	(2142,329975,13,100,'mail/sendmessagegc'),
	(2143,329975,13,26,'quanlytaikhoan'),
	(2144,329975,13,78,'mail/messageagent'),
	(2145,329975,13,70,'report/cashoutbytopup'),
	(2146,329975,13,101,'mail/sendmailgctrian'),
	(2147,329975,13,235,'usergame/topuserrecharge'),
	(2148,329975,13,89,'usergame/userdaily2'),
	(2149,329975,13,204,'event/listbonusnhiemvu'),
	(2150,329975,13,156,'daily'),
	(2151,329975,13,145,'user/updatevpevent'),
	(2152,329975,13,191,'report/doisoatbrandname'),
	(2153,329975,13,79,'usergame/uservippoint'),
	(2154,329975,13,184,'transaction/logtranferdailytong'),
	(2155,329975,13,211,'loggamebai/reportcodepokertour'),
	(2156,329975,13,166,'giftcodevh/giftcodeusevanhanh'),
	(2157,329975,13,75,'marketing/source'),
	(2158,329975,13,202,'report/rechargebymegacard'),
	(2159,329975,13,103,'report/moneytotal'),
	(2160,329975,13,130,'giftcode/giftcodeusemarketing'),
	(2161,329975,13,60,'logminigame/logcaothap'),
	(2162,329975,13,41,'marketing'),
	(2163,329975,13,109,'marketing/sourcegiftcode'),
	(2164,329975,13,120,'giftcode/giftcodeuseadmin'),
	(2165,329975,13,131,'giftcode/giftcodeusemkt'),
	(2166,329975,13,65,'ccu'),
	(2167,329975,13,167,'giftcodevh/giftcodeusevh'),
	(2168,329975,13,220,'transaction/logtranferagenttodailytong'),
	(2169,329975,13,121,'giftcode/giftcodeuse'),
	(2170,329975,13,108,'report/chartmoneytotal'),
	(2171,329975,13,200,'user/delsecuser'),
	(2172,329975,13,228,'event/topthanhdu'),
	(2173,329975,13,36,'action'),
	(2174,329975,13,32,'minigame'),
	(2175,329975,13,233,'daily'),
	(2176,329975,13,189,'transaction/freemoneyagent'),
	(2177,329975,13,195,'report/reportbycard'),
	(2178,329975,13,68,'report/cashoutbybank'),
	(2179,329975,13,98,'logminigame/logpokego'),
	(2180,329975,13,20,'menu'),
	(2181,329975,13,132,'giftcode/usergiftcodemkt'),
	(2182,329975,13,168,'giftcodevh/usergiftcodevh'),
	(2183,329975,13,82,'report/logsmsotp'),
	(2184,329975,13,157,'report/chartmoneyagent'),
	(2185,329975,13,229,'event/thungphasanh'),
	(2186,329975,13,57,'logbai'),
	(2187,329975,13,143,'mail/sendmailfull'),
	(2188,329975,13,196,'report/doisoat9029'),
	(2189,329975,13,201,'transaction/ratioagent'),
	(2190,329975,13,122,'giftcode/usergiftcode'),
	(2191,329975,13,186,'mail/sendmailvincard'),
	(2192,329975,13,99,'logminigame/logkhobau'),
	(2193,329975,13,46,'sukien'),
	(2194,329975,13,123,'giftcode/nicknameusegiftcode'),
	(2195,329975,13,146,'logminigame/lognudiepvien'),
	(2196,329975,13,66,'usergame/userlogin'),
	(2197,329975,13,197,'report/doisoat8x98'),
	(2198,329975,13,133,'giftcode/nicknameusegiftcodemkt'),
	(2199,329975,13,169,'giftcodevh/nicknameusegiftcodevh'),
	(2200,329975,13,83,'report/logbrandname'),
	(2201,329975,13,95,'mail/blockchat'),
	(2202,329975,13,159,'user/reportgc'),
	(2203,329975,13,230,'event/toichontom'),
	(2204,329975,13,182,'user/delgiftcode1'),
	(2205,329975,13,158,'event/addbotcaothap'),
	(2206,329975,13,19,'admin'),
	(2207,329975,13,192,'logminigame/logvuongquocvin'),
	(2208,329975,13,124,'giftcodemarketing'),
	(2209,329975,13,147,'logminigame/logavenger'),
	(2210,329975,13,223,'transaction/sumrefundfee'),
	(2211,329975,13,51,'configgame'),
	(2212,329975,13,198,'report/doisoatvincard'),
	(2213,329975,13,138,'vippointevent'),
	(2214,329975,13,135,'usergame/lockalluser'),
	(2215,329975,13,136,'usergame/checkusername'),
	(2216,329975,13,187,'usergame/checkinfo'),
	(2217,329975,13,236,'transaction/topdoanhsoban'),
	(2218,329975,13,203,'report/doisoatmegacard'),
	(2219,329975,13,217,'report/doisoatfromvtc'),
	(2220,329975,13,50,'logminigame/logvqmm'),
	(2221,329975,13,13,'hethong'),
	(2222,329975,13,160,'giftcodevh'),
	(2223,329975,13,114,'giftcodedaily'),
	(2224,329975,13,173,'logminigame/logvqvip'),
	(2225,329975,13,188,'usergame/checkmobile'),
	(2226,329975,13,141,'usergame/updateinfo'),
	(2227,329975,13,152,'usergame/congxu'),
	(2228,329975,13,221,'transaction/logsmsnotifi'),
	(2229,329975,13,153,'report/checkmo9029'),
	(2230,329975,13,37,'actionadmin'),
	(2231,329975,13,179,'actionadmin/loglogin'),
	(2232,329975,13,212,'transaction/logchuyendoivinngoc'),
	(2477,329977,17,58,'loggamebai'),
	(2478,329977,17,71,'report/rechargebycard'),
	(2479,329977,17,33,'logminigame'),
	(2480,329977,17,84,'transaction/agentbuy'),
	(2481,329977,17,106,'giftcode/giftcodemkt'),
	(2482,329977,17,40,'transaction'),
	(2483,329977,17,27,'usergame'),
	(2484,329977,17,67,'Report'),
	(2485,329977,17,107,'giftcode/giftcodemktuse'),
	(2486,329977,17,96,'logminigame/accounttaixiu'),
	(2487,329977,17,134,'report/rechargebyiap'),
	(2488,329977,17,80,'report/rechargebybank'),
	(2489,329977,17,85,'transaction/agentsale'),
	(2490,329977,17,44,'transaction/freemoney'),
	(2491,329977,17,86,'usergame/uservinplay'),
	(2492,329977,17,92,'report'),
	(2493,329977,17,91,'logminigame/logphienbaucua'),
	(2494,329977,17,102,'transaction/usergiftcode'),
	(2495,329977,17,39,'Loggiaodich'),
	(2496,329977,17,150,'report/rechargeby9029'),
	(2497,329977,17,151,'report/rechargeby8x98'),
	(2498,329977,17,81,'report/rechargebynganluong'),
	(2499,329977,17,104,'usergame/topuserbot'),
	(2500,329977,17,155,'giftcode'),
	(2501,329977,17,97,'logminigame/logbaucua'),
	(2502,329977,17,77,'transaction/logtranfer'),
	(2503,329977,17,88,'usergame/userdaily1'),
	(2504,329977,17,70,'report/cashoutbytopup'),
	(2505,329977,17,26,'quanlytaikhoan'),
	(2506,329977,17,61,'logminigame/logminipoker'),
	(2507,329977,17,89,'usergame/userdaily2'),
	(2508,329977,17,156,'daily'),
	(2509,329977,17,79,'usergame/uservippoint'),
	(2510,329977,17,60,'logminigame/logcaothap'),
	(2511,329977,17,32,'minigame'),
	(2512,329977,17,65,'ccu'),
	(2513,329977,17,98,'logminigame/logpokego'),
	(2514,329977,17,82,'report/logsmsotp'),
	(2515,329977,17,57,'logbai'),
	(2516,329977,17,99,'logminigame/logkhobau'),
	(2517,329977,17,146,'logminigame/lognudiepvien'),
	(2518,329977,17,83,'report/logbrandname'),
	(2519,329977,17,66,'usergame/userlogin'),
	(2520,329977,17,46,'sukien'),
	(2521,329977,17,95,'mail/blockchat'),
	(2522,329977,17,147,'logminigame/logavenger'),
	(2523,329977,17,135,'usergame/lockalluser'),
	(2524,329977,17,50,'logminigame/logvqmm'),
	(2525,329977,17,173,'logminigame/logvqvip'),
	(2526,329977,17,37,'actionadmin'),
	(2527,329977,17,153,'report/checkmo9029'),
	(2528,329977,17,221,'transaction/logsmsnotifi');

/*!40000 ALTER TABLE `access_link` ENABLE KEYS */;
UNLOCK TABLES;


# Dump of table action_admin
# ------------------------------------------------------------

DROP TABLE IF EXISTS `action_admin`;

CREATE TABLE `action_admin` (
  `id` int(11) NOT NULL AUTO_INCREMENT,
  `action` varchar(255) CHARACTER SET utf8 COLLATE utf8_unicode_ci DEFAULT NULL,
  PRIMARY KEY (`id`) USING BTREE
) ENGINE=InnoDB DEFAULT CHARSET=latin1 ROW_FORMAT=DYNAMIC;



# Dump of table groupuser
# ------------------------------------------------------------

DROP TABLE IF EXISTS `groupuser`;

CREATE TABLE `groupuser` (
  `Id` int(11) NOT NULL AUTO_INCREMENT,
  `Name` varchar(50) DEFAULT NULL,
  `Description` varchar(150) DEFAULT NULL,
  `Type` int(11) DEFAULT NULL,
  PRIMARY KEY (`Id`) USING BTREE
) ENGINE=InnoDB DEFAULT CHARSET=utf8 ROW_FORMAT=DYNAMIC;

LOCK TABLES `groupuser` WRITE;
/*!40000 ALTER TABLE `groupuser` DISABLE KEYS */;

INSERT INTO `groupuser` (`Id`, `Name`, `Description`, `Type`)
VALUES
	(4,'MKT','',NULL),
	(6,'VH','',NULL),
	(9,'CSKH','',NULL),
	(10,'LD','',NULL),
	(11,'Blockchat','',NULL),
	(12,'KT','',NULL),
	(13,'ADM','',NULL),
	(14,'MNG','',NULL),
	(15,'VH1','',NULL),
	(16,'DVL','',NULL),
	(17,'CSKH1','',NULL),
	(18,'SB','',NULL),
	(19,'Lead MKT','',NULL),
	(20,'Lead DL','',NULL),
	(21,'Mkt - FB','',NULL),
	(22,'KD','',NULL),
	(23,'CG','',NULL),
	(24,'VH2','',NULL),
	(25,'LD1','',NULL),
	(26,'MKT-DGT','',NULL),
	(27,'MKT-DL','',NULL),
	(28,'KT1','',NULL);

/*!40000 ALTER TABLE `groupuser` ENABLE KEYS */;
UNLOCK TABLES;


# Dump of table log_admin
# ------------------------------------------------------------

DROP TABLE IF EXISTS `log_admin`;

CREATE TABLE `log_admin` (
  `id` int(11) NOT NULL AUTO_INCREMENT,
  `action` varchar(255) CHARACTER SET utf8 COLLATE utf8_unicode_ci DEFAULT NULL,
  `quantity` int(11) DEFAULT NULL,
  `money` bigint(20) DEFAULT NULL,
  `account_name` text CHARACTER SET utf8 COLLATE utf8_unicode_ci,
  `money_type` varchar(50) CHARACTER SET utf8 COLLATE utf8_unicode_ci DEFAULT NULL,
  `username` varchar(50) CHARACTER SET utf8 COLLATE utf8_unicode_ci DEFAULT NULL,
  `timestamp` timestamp NULL DEFAULT CURRENT_TIMESTAMP ON UPDATE CURRENT_TIMESTAMP,
  `reason` varchar(255) CHARACTER SET utf8 COLLATE utf8_unicode_ci DEFAULT NULL,
  `status` varchar(11) DEFAULT NULL,
  PRIMARY KEY (`id`) USING BTREE,
  KEY `username_index` (`username`) USING BTREE
) ENGINE=InnoDB DEFAULT CHARSET=latin1 ROW_FORMAT=DYNAMIC;

LOCK TABLES `log_admin` WRITE;
/*!40000 ALTER TABLE `log_admin` DISABLE KEYS */;

INSERT INTO `log_admin` (`id`, `action`, `quantity`, `money`, `account_name`, `money_type`, `username`, `timestamp`, `reason`, `status`)
VALUES
	(2563,'Sửa config',NULL,NULL,'other',NULL,'superadmin','2019-05-03 20:18:09',NULL,NULL),
	(2564,'Đăng nhập tool SuperAdmin từ đia chỉ IP:  14.229.172.69',NULL,NULL,'superadmin123',NULL,'superadmin','2019-05-03 20:57:34',NULL,NULL),
	(2565,'Đăng nhập tool SuperAdmin từ đia chỉ IP:  14.229.172.69',NULL,NULL,'superadmin123',NULL,'superadmin','2019-05-03 21:03:35',NULL,NULL),
	(2566,'Sửa thông tin tài khoản đại lý',NULL,NULL,'superadmin123',NULL,'superadmin','2019-05-03 21:30:56',NULL,NULL);

/*!40000 ALTER TABLE `log_admin` ENABLE KEYS */;
UNLOCK TABLES;


# Dump of table log_loginadmin
# ------------------------------------------------------------

DROP TABLE IF EXISTS `log_loginadmin`;

CREATE TABLE `log_loginadmin` (
  `id` int(11) NOT NULL AUTO_INCREMENT,
  `username` varchar(255) CHARACTER SET utf8 DEFAULT NULL,
  `nickname` varchar(255) CHARACTER SET utf8 DEFAULT NULL,
  `ip` varchar(255) CHARACTER SET utf8 DEFAULT NULL,
  `status` int(11) DEFAULT NULL,
  `agent` varchar(255) CHARACTER SET utf8 DEFAULT NULL,
  `action` varchar(255) CHARACTER SET utf8 DEFAULT NULL,
  `tool` varchar(255) CHARACTER SET utf8 DEFAULT NULL,
  `createdate` timestamp NULL DEFAULT CURRENT_TIMESTAMP ON UPDATE CURRENT_TIMESTAMP,
  PRIMARY KEY (`id`) USING BTREE,
  KEY `nickname_index` (`nickname`) USING BTREE
) ENGINE=InnoDB DEFAULT CHARSET=latin1 ROW_FORMAT=DYNAMIC;

LOCK TABLES `log_loginadmin` WRITE;
/*!40000 ALTER TABLE `log_loginadmin` DISABLE KEYS */;

INSERT INTO `log_loginadmin` (`id`, `username`, `nickname`, `ip`, `status`, `agent`, `action`, `tool`, `createdate`)
VALUES
	(3457,'superadmin','superadmin123','14.229.172.69',0,'Mozilla/5.0 (Macintosh; Intel Mac OS X 10_14_4) AppleWebKit/537.36 (KHTML, like Gecko) Chrome/73.0.3683.103 Safari/537.36','Thành công','Admin','2019-05-03 20:40:31'),
	(3458,'superadmin','superadmin123','14.229.172.69',0,'Mozilla/5.0 (Macintosh; Intel Mac OS X 10_14_4) AppleWebKit/537.36 (KHTML, like Gecko) Chrome/73.0.3683.103 Safari/537.36','Thành công','Super Admin','2019-05-03 20:57:17'),
	(3459,'superadmin','superadmin123','14.229.172.69',0,'Mozilla/5.0 (Macintosh; Intel Mac OS X 10_14_4) AppleWebKit/537.36 (KHTML, like Gecko) Chrome/73.0.3683.103 Safari/537.36','Login ODP','Super Admin','2019-05-03 20:57:34'),
	(3460,'superadmin','superadmin123','14.229.172.69',0,'Mozilla/5.0 (Macintosh; Intel Mac OS X 10_14_4) AppleWebKit/537.36 (KHTML, like Gecko) Chrome/73.0.3683.103 Safari/537.36','Thành công','Super Admin','2019-05-03 21:01:05'),
	(3461,'superadmin','superadmin123','14.229.172.69',0,'Mozilla/5.0 (Macintosh; Intel Mac OS X 10_14_4) AppleWebKit/537.36 (KHTML, like Gecko) Chrome/73.0.3683.103 Safari/537.36','Thành công','Super Admin','2019-05-03 21:01:37'),
	(3462,'superadmin','superadmin123','14.229.172.69',0,'Mozilla/5.0 (Macintosh; Intel Mac OS X 10_14_4) AppleWebKit/537.36 (KHTML, like Gecko) Chrome/73.0.3683.103 Safari/537.36','Thành công','Super Admin','2019-05-03 21:02:18'),
	(3463,'superadmin','superadmin123','14.229.172.69',0,'Mozilla/5.0 (Macintosh; Intel Mac OS X 10_14_4) AppleWebKit/537.36 (KHTML, like Gecko) Chrome/73.0.3683.103 Safari/537.36','Login ODP','Super Admin','2019-05-03 21:03:35');

/*!40000 ALTER TABLE `log_loginadmin` ENABLE KEYS */;
UNLOCK TABLES;


# Dump of table menu
# ------------------------------------------------------------

DROP TABLE IF EXISTS `menu`;

CREATE TABLE `menu` (
  `id` int(11) NOT NULL AUTO_INCREMENT,
  `Name` varchar(100) DEFAULT NULL,
  `Param` int(11) DEFAULT '1',
  `Link` varchar(150) DEFAULT NULL,
  `Status` char(1) DEFAULT NULL,
  `Parrent_ID` int(11) DEFAULT NULL,
  `isThuong` int(1) DEFAULT '0',
  `isDaily` int(1) DEFAULT '0',
  `isSuper` int(1) DEFAULT '0',
  PRIMARY KEY (`id`) USING BTREE,
  KEY `Name_index` (`Name`) USING BTREE,
  KEY `Param_index` (`Param`) USING BTREE,
  KEY `Link_index` (`Link`) USING BTREE,
  KEY `Status_index` (`Status`) USING BTREE,
  KEY `Parrent_ID_index` (`Parrent_ID`) USING BTREE,
  KEY `isThuong_index` (`isThuong`) USING BTREE,
  KEY `isDaily_index` (`isDaily`) USING BTREE,
  KEY `isSuper_index` (`isSuper`) USING BTREE
) ENGINE=InnoDB DEFAULT CHARSET=utf8 ROW_FORMAT=DYNAMIC;

LOCK TABLES `menu` WRITE;
/*!40000 ALTER TABLE `menu` DISABLE KEYS */;

INSERT INTO `menu` (`id`, `Name`, `Param`, `Link`, `Status`, `Parrent_ID`, `isThuong`, `isDaily`, `isSuper`)
VALUES
	(13,'Hệ thống',11,'hethong','A',-1,1,0,0),
	(19,'Quản lý người dùng',9,'admin','A',13,1,0,0),
	(20,'Quản lý menu',8,'menu','A',13,1,0,0),
	(24,'Quản lý nhóm người dùng',5,'groupuser','A',13,1,0,0),
	(26,'Quản lý tài khoản',5,'quanlytaikhoan','A',-1,1,0,0),
	(27,'Tài khoản đăng ký',1,'usergame','A',26,1,0,0),
	(32,'Log Mini game',7,'minigame','A',-1,1,0,0),
	(33,'Lịch sử phiên tài xỉu',1,'logminigame','A',32,1,0,0),
	(36,'Hành động admin',7,'action','A',156,1,0,1),
	(37,'Log mở khóa tài khoản',14,'actionadmin','A',26,1,0,0),
	(39,'Log giao dịch',3,'Loggiaodich','A',-1,1,0,0),
	(40,'Lịch sử giao dịch hệ thống',1,'transaction','A',39,1,0,0),
	(42,'Danh sách chiến dịch',1,'marketing','A',41,1,0,0),
	(43,'Danh sách campaign',2,'marketing/listcampaing','A',41,1,1,0),
	(44,'Lịch sử đóng băng tiền',2,'transaction/freemoney','A',39,1,0,0),
	(46,'Mail',9,'sukien','A',-1,1,0,0),
	(50,'Lịch sử vòng quay may mắn',11,'logminigame/logvqmm','A',32,1,0,0),
	(51,'Config',10,'configgame','A',-1,1,0,0),
	(52,'Game config',1,'config/listconfig','A',51,1,0,1),
	(57,'Log game bài',8,'logbai','A',-1,1,0,0),
	(58,'Danh sách chơi game bài',1,'loggamebai','A',57,1,0,0),
	(60,'Lich sử cao thấp',6,'logminigame/logcaothap','A',32,1,0,0),
	(61,'Lich sử phiên minipoker',5,'logminigame/logminipoker','A',32,1,0,0),
	(62,'Gửi mail hệ thống',2,'mail/sendmail','A',46,1,0,0),
	(63,'Danh sách mail đã gửi',3,'mail','A',46,1,0,0),
	(64,'Top cao thủ',6,'usergame/topcaothu','A',26,1,0,0),
	(65,'CCU',7,'ccu','A',26,1,0,0),
	(66,'Lịch sử  tài khoản đăng nhập',9,'usergame/userlogin','A',26,1,0,0),
	(72,'Gửi mail giftcode',5,'mail/sendmailgc','A',46,1,0,0),
	(73,'Campain',4,'marketing/campain','A',41,1,0,0),
	(74,'Medium',5,'marketing/medium','A',41,1,0,0),
	(75,'Source',6,'marketing/source','A',41,1,0,0),
	(79,'Quản lý vippoint',6,'usergame/uservippoint','A',26,1,0,0),
	(84,'Mua Win của đại lý',1,'transaction/agentbuy','A',156,1,0,0),
	(85,'Bán Win cho đại lý',2,'transaction/agentsale','A',156,1,0,0),
	(86,'Tài khoản thường',2,'usergame/uservinplay','A',26,1,0,0),
	(87,'Tài khoản admin',3,'usergame/useradmin','A',26,1,0,0),
	(88,'Tài khoản đại lý cấp 1',4,'usergame/userdaily1','A',26,1,0,0),
	(89,'Tài khoản đại lý cấp 2',5,'usergame/userdaily2','A',26,1,0,0),
	(90,'Tài khoản bot',3,'usergame/userbot','A',26,1,0,0),
	(91,'Lịch sử phiên bầu cua',3,'logminigame/logphienbaucua','A',32,1,0,0),
	(92,'Luồng tiền',2,'report','A',-1,1,0,0),
	(94,'Chi tiết người chơi',3,'report/moneyuser','A',92,1,0,0),
	(95,'Mở khóa chat',9,'mail/blockchat','A',46,1,0,0),
	(96,'Chi tiết tài xỉu',2,'logminigame/accounttaixiu','A',32,1,0,0),
	(97,'Chi tiết bầu cua',4,'logminigame/logbaucua','A',32,1,0,0),
	(98,'Log pokego',7,'logminigame/logpokego','A',32,1,0,0),
	(99,'Log kho báu',8,'logminigame/logkhobau','A',32,1,0,0),
	(102,'Tài khoản giftcode',3,'transaction/usergiftcode','A',155,1,0,0),
	(103,'Tổng vin hiện tại',6,'report/moneytotal','A',92,1,0,0),
	(104,'Top chơi game',4,'usergame/topuserbot','A',92,1,0,0),
	(105,'Hoàn trả phí đại lý',3,'transaction/refundfee','A',156,1,0,0),
	(106,'Tìm kiếm giftcode',1,'giftcode/giftcodemkt','A',155,1,0,0),
	(107,'Thống kê giftcode',2,'giftcode/giftcodemktuse','A',155,1,0,0),
	(108,'Biểu đồ luồng tiền (User)',7,'report/chartmoneytotal','A',92,1,0,0),
	(109,'Nguồn giftcode',6,'marketing/sourcegiftcode','A',155,1,0,0),
	(110,'Set cầu tài xỉu',1,'setcau','A',224,0,0,1),
	(111,'Soi cầu tài xỉu',2,'soicau','A',224,0,0,1),
	(112,'Log hành động admin',3,'logaction','A',-1,0,0,1),
	(113,'Cộng trừ tiền',4,'user/congtrutien','A',233,0,0,1),
	(114,'Giftcode đại lý',12,'giftcodedaily','A',-1,0,0,1),
	(115,'Thêm vào kho',1,'giftcode/adminadd','A',114,0,0,1),
	(116,'Xuất giftcode',2,'giftcode/add','A',114,0,0,1),
	(117,'Danh sách trong kho',3,'giftcode/giftcodeadmin','A',114,0,0,1),
	(118,'Danh sách đã xuất',4,'giftcode','A',114,0,0,1),
	(119,'Thu hồi giftcode',5,'giftcode/delgiftcode','A',114,0,0,1),
	(120,'Thống kê giftcode trong kho',6,'giftcode/giftcodeuseadmin','A',114,0,0,1),
	(121,'Thống kê giftcode đã xuất',7,'giftcode/giftcodeuse','A',114,0,0,1),
	(122,'Tài khoản sử dụng giftcode',8,'giftcode/usergiftcode','A',114,0,0,1),
	(123,'Giftcode đã sử dụng theo nguồn',9,'giftcode/nicknameusegiftcode','A',114,0,0,1),
	(124,'Giftcode marketing',10,'giftcodemarketing','A',-1,0,0,1),
	(125,'Thêm vào kho',1,'giftcode/mktadd','A',124,0,0,1),
	(126,'Xuất giftcode',2,'giftcode/mktaddgc','A',124,0,0,1),
	(127,'Danh sách trong kho',3,'giftcode/giftcodemkt','A',124,0,0,1),
	(128,'Danh sách đã xuất',4,'giftcode/giftcodemktuse','A',124,0,0,1),
	(129,'Thu hồi giftcode',5,'giftcode/delgiftcodemkt','A',124,0,0,1),
	(130,'Thống kê giftcode trong kho',6,'giftcode/giftcodeusemarketing','A',124,0,0,1),
	(131,'Thống kê giftcode đã xuất',7,'giftcode/giftcodeusemkt','A',124,0,0,1),
	(132,'Tài khoản sử dụng giftcode',8,'giftcode/usergiftcodemkt','A',124,0,0,1),
	(133,'Giftcode đã sử dụng theo nguồn',9,'giftcode/nicknameusegiftcodemkt','A',124,0,0,1),
	(135,'Khóa nhiều tài khoản',11,'usergame/lockalluser','A',26,1,0,0),
	(136,'Kiểm tra nick name',11,'usergame/checkusername','A',26,1,0,0),
	(137,'Hủy doanh số đại lý',4,'transaction/huydoanhso','A',156,1,0,0),
	(138,'Vippoint event',10,'vippointevent','A',-1,1,0,0),
	(139,'Lịch sử vippoint event',1,'event/vippoint','A',138,1,0,0),
	(140,'Lịch sử user vippoint',2,'event/uservippoint','A',138,1,0,0),
	(141,'Cập nhật tài khoản',12,'usergame/updateinfo','A',26,1,0,0),
	(142,'Thưởng doanh số đại lý',5,'transaction/bonusds','A',156,1,0,0),
	(143,'Gửi mail giftcode full',8,'mail/sendmailfull','A',46,1,0,0),
	(144,'Reset password',5,'user/resetpw','A',-1,0,0,1),
	(145,'Update vippoint event',6,'user/updatevpevent','A',-1,0,0,1),
	(146,'Log nữ điệp viên',9,'logminigame/lognudiepvien','A',32,1,0,0),
	(147,'Log siêu anh hùng',10,'logminigame/logavenger','A',32,1,0,0),
	(149,'Config new',2,'confignew/listconfig','A',51,1,0,0),
	(152,'Cộng xu',13,'usergame/congxu','A',26,1,0,0),
	(155,'Giftcode',4,'giftcode','A',-1,1,0,0),
	(156,'Đại lý',6,'daily','A',-1,1,0,0),
	(157,'Biểu đồ luồng tiền (Đại lý)',8,'report/chartmoneyagent','A',92,1,0,0),
	(158,'Thêm bot cao thấp',9,'event/addbotcaothap','A',46,1,0,0),
	(159,'Thống kê giftcode',9,'user/reportgc','A',-1,0,0,1),
	(160,'Giftcode vận hành',11,'giftcodevh','A',-1,0,0,1),
	(161,'Thêm vào kho',1,'giftcodevh/vhadd','A',160,0,0,1),
	(162,'Xuất giftcode',2,'giftcodevh/vhaddgc','A',160,0,0,1),
	(163,'Danh sách trong kho',3,'giftcodevh/giftcodevh','A',160,0,0,1),
	(164,'Danh sách đã xuất',4,'giftcodevh/giftcodevhuse','A',160,0,0,1),
	(165,'Thu hồi giftcode',5,'giftcodevh/delgiftcodevh','A',160,0,0,1),
	(166,'Thống kê giftcode trong kho',6,'giftcodevh/giftcodeusevanhanh','A',160,0,0,1),
	(167,'Thống kê giftcode đã xuất',7,'giftcodevh/giftcodeusevh','A',160,0,0,1),
	(168,'Tài khoản sử dụng giftcode',8,'giftcodevh/usergiftcodevh','A',160,0,0,1),
	(169,'Giftcode  sử dụng theo nguồn',9,'giftcodevh/nicknameusegiftcodevh','A',160,0,0,1),
	(171,'Kiểm tra giftcode\\',4,'giftcode/checkgiftcode','A',155,1,0,0),
	(172,'Chi tiết game',1,'report/moneysystemnew','A',92,1,0,0),
	(173,'Log vòng quay vip',12,'logminigame/logvqvip','A',32,1,0,0),
	(176,'Thẻ nạp',1,'report/doisoatthe','A',175,1,0,0),
	(178,'Log thay đổi số điện thoại',4,'usergame/logchangemobile','A',39,1,0,0),
	(179,'Log login admin',15,'actionadmin/loglogin','A',26,1,0,0),
	(180,'Ngân lượng',2,'report/doisoatnganluong','A',175,1,0,0),
	(181,'Chỉ số marketing',1,'marketing/reportmarketing','A',41,1,0,0),
	(182,'Thu hồi giftcode',9,'user/delgiftcode1','A',-1,0,0,1),
	(184,'Lịch sử chuyển Win cho đại lý tổng',6,'transaction/logtranferdailytong','A',156,1,0,0),
	(185,'Cộng tiền nhiều tài khoản',5,'user/congtientaixiu','A',-1,0,0,1),
	(187,'Kiểm tra tài khoản vip',11,'usergame/checkinfo','A',26,1,0,0),
	(188,'Kiểm tra số điện thoại',12,'usergame/checkmobile','A',26,1,0,0),
	(189,'Lịch sử đại lý đóng băng',7,'transaction/freemoneyagent','A',156,1,0,0),
	(190,'Đối soát VMG',5,'report/doisoatvmg','A',175,1,0,0),
	(191,'Đối soát brandname',6,'report/doisoatbrandname','A',175,1,0,0),
	(192,'Log Draemon',10,'logminigame/logvuongquocvin','A',32,1,0,0),
	(193,'Mua mã thẻ',3,'report/doisoatmuamt','A',175,1,0,0),
	(194,'Nạp điện thoại',4,'report/doisoatnapdt','A',175,1,0,0),
	(195,'Export data',7,'report/reportbycard','A',175,1,0,0),
	(196,'Đối soát 9029',8,'report/doisoat9029','A',175,1,0,0),
	(197,'Đối soát 8x98',9,'report/doisoat8x98','A',175,1,0,0),
	(198,'Đối soát Wincard',10,'report/doisoatvincard','A',175,1,0,0),
	(199,'Danh sách chủ bàn xóc đĩa',3,'event/listbossxocdia','A',57,1,0,0),
	(200,'Hủy bảo mật',7,'user/delsecuser','A',-1,0,0,1),
	(201,'Tỉ lệ nhận thưởng Wincard',8,'transaction/ratioagent','A',156,1,0,0),
	(203,'Megacard',11,'report/doisoatmegacard','A',175,0,0,0),
	(205,'Theo thời gian',1,'user/delgiftcode','A',182,0,0,1),
	(207,'Theo file giftcode',2,'giftcode/delgiftcodemkt1','A',182,0,0,1),
	(212,'Lịch sử chuyển đổi Win',15,'transaction/logchuyendoivinngoc','A',67,1,0,0),
	(214,'Xuất code Pokertour',1,'pokertour/add','A',213,0,0,1),
	(215,'Cập nhật trạng thái code free',2,'pokertour/updatecode','A',213,0,0,1),
	(217,'Đối soát nạp Win từ VTC',11,'report/doisoatfromvtc','A',175,1,0,0),
	(218,'Cộng trừ lượt quay slot',6,'user/congtruslot','A',-1,0,0,1),
	(219,'Top doanh số liên minh',2,'transaction/topdoanhso','A',156,1,0,0),
	(221,'Log tin nhắn notifi',14,'transaction/logsmsnotifi','A',67,1,0,0),
	(222,'Cộng trừ tiền bot',5,'user/congtrutienbot','A',-1,0,0,1),
	(224,'Tài xỉu',1,'taixiu','A',-1,0,0,1),
	(233,'Đai lý',7,'daily','A',-1,0,0,1);

/*!40000 ALTER TABLE `menu` ENABLE KEYS */;
UNLOCK TABLES;


# Dump of table price_giftcode
# ------------------------------------------------------------

DROP TABLE IF EXISTS `price_giftcode`;

CREATE TABLE `price_giftcode` (
  `id` int(11) NOT NULL AUTO_INCREMENT,
  `price` int(11) DEFAULT NULL,
  `money_type` int(11) DEFAULT NULL,
  PRIMARY KEY (`id`) USING BTREE
) ENGINE=InnoDB DEFAULT CHARSET=latin1 ROW_FORMAT=DYNAMIC;

LOCK TABLES `price_giftcode` WRITE;
/*!40000 ALTER TABLE `price_giftcode` DISABLE KEYS */;

INSERT INTO `price_giftcode` (`id`, `price`, `money_type`)
VALUES
	(1,10,1),
	(2,20,1),
	(3,50,1),
	(4,100,1),
	(5,1,0),
	(6,3,0),
	(7,5,0),
	(8,9,0),
	(9,10,0),
	(10,200,1),
	(11,500,1);

/*!40000 ALTER TABLE `price_giftcode` ENABLE KEYS */;
UNLOCK TABLES;


# Dump of table rolemenu
# ------------------------------------------------------------

DROP TABLE IF EXISTS `rolemenu`;

CREATE TABLE `rolemenu` (
  `Group_ID` int(11) NOT NULL,
  `Menu_ID` int(11) NOT NULL,
  `ID` int(11) NOT NULL AUTO_INCREMENT,
  `Type` int(11) DEFAULT NULL,
  PRIMARY KEY (`ID`) USING BTREE,
  KEY `Group_ID_index` (`Group_ID`) USING BTREE,
  KEY `Menu_ID_index` (`Menu_ID`) USING BTREE,
  KEY `Type_index` (`Type`) USING BTREE
) ENGINE=InnoDB DEFAULT CHARSET=utf8 ROW_FORMAT=DYNAMIC;

LOCK TABLES `rolemenu` WRITE;
/*!40000 ALTER TABLE `rolemenu` DISABLE KEYS */;

INSERT INTO `rolemenu` (`Group_ID`, `Menu_ID`, `ID`, `Type`)
VALUES
	(1,13,139,NULL),
	(1,21,140,NULL),
	(1,22,141,NULL),
	(1,26,142,NULL),
	(1,27,143,NULL),
	(1,35,144,NULL),
	(1,28,145,NULL),
	(1,29,146,NULL),
	(1,30,147,NULL),
	(1,31,148,NULL),
	(3,28,160,NULL),
	(3,29,161,NULL),
	(3,30,162,NULL),
	(3,31,163,NULL),
	(5,53,207,NULL),
	(5,54,208,NULL),
	(5,55,209,NULL),
	(5,56,210,NULL),
	(8,13,286,NULL),
	(8,19,287,NULL),
	(8,20,288,NULL),
	(8,24,289,NULL),
	(8,25,290,NULL),
	(8,36,291,NULL),
	(8,37,292,NULL),
	(8,26,293,NULL),
	(8,27,294,NULL),
	(8,64,295,NULL),
	(8,32,296,NULL),
	(8,33,297,NULL),
	(8,34,298,NULL),
	(8,50,299,NULL),
	(8,59,300,NULL),
	(8,60,301,NULL),
	(8,61,302,NULL),
	(8,39,303,NULL),
	(8,40,304,NULL),
	(8,44,305,NULL),
	(8,41,306,NULL),
	(8,42,307,NULL),
	(8,43,308,NULL),
	(8,46,309,NULL),
	(8,47,310,NULL),
	(8,48,311,NULL),
	(8,62,312,NULL),
	(8,63,313,NULL),
	(8,51,314,NULL),
	(8,52,315,NULL),
	(8,57,316,NULL),
	(8,58,317,NULL),
	(11,46,992,NULL),
	(11,95,993,NULL),
	(4,26,20241,NULL),
	(4,27,20242,NULL),
	(4,37,20243,NULL),
	(4,65,20244,NULL),
	(4,66,20245,NULL),
	(4,32,20246,NULL),
	(4,33,20247,NULL),
	(4,50,20248,NULL),
	(4,60,20249,NULL),
	(4,61,20250,NULL),
	(4,91,20251,NULL),
	(4,96,20252,NULL),
	(4,97,20253,NULL),
	(4,98,20254,NULL),
	(4,99,20255,NULL),
	(4,146,20256,NULL),
	(4,147,20257,NULL),
	(4,173,20258,NULL),
	(4,192,20259,NULL),
	(4,41,20260,NULL),
	(4,42,20261,NULL),
	(4,43,20262,NULL),
	(4,73,20263,NULL),
	(4,74,20264,NULL),
	(4,75,20265,NULL),
	(4,181,20266,NULL),
	(4,46,20267,NULL),
	(4,95,20268,NULL),
	(4,57,20269,NULL),
	(4,58,20270,NULL),
	(4,67,20271,NULL),
	(4,71,20272,NULL),
	(4,154,20273,NULL),
	(4,155,20274,NULL),
	(4,102,20275,NULL),
	(4,106,20276,NULL),
	(4,107,20277,NULL),
	(4,156,20278,NULL),
	(4,105,20279,NULL),
	(4,175,20280,NULL),
	(4,176,20281,NULL),
	(23,26,20440,NULL),
	(23,65,20441,NULL),
	(22,26,21777,NULL),
	(22,27,21778,NULL),
	(22,37,21779,NULL),
	(22,65,21780,NULL),
	(22,66,21781,NULL),
	(22,86,21782,NULL),
	(22,32,21783,NULL),
	(22,33,21784,NULL),
	(22,50,21785,NULL),
	(22,60,21786,NULL),
	(22,61,21787,NULL),
	(22,91,21788,NULL),
	(22,96,21789,NULL),
	(22,97,21790,NULL),
	(22,98,21791,NULL),
	(22,99,21792,NULL),
	(22,146,21793,NULL),
	(22,147,21794,NULL),
	(22,173,21795,NULL),
	(22,192,21796,NULL),
	(22,41,21797,NULL),
	(22,42,21798,NULL),
	(22,43,21799,NULL),
	(22,73,21800,NULL),
	(22,74,21801,NULL),
	(22,75,21802,NULL),
	(22,181,21803,NULL),
	(22,67,21804,NULL),
	(22,71,21805,NULL),
	(22,154,21806,NULL),
	(22,174,21807,NULL),
	(22,202,21808,NULL),
	(22,216,21809,NULL),
	(22,175,21810,NULL),
	(22,176,21811,NULL),
	(22,217,21812,NULL),
	(9,26,21864,NULL),
	(9,27,21865,NULL),
	(9,37,21866,NULL),
	(9,65,21867,NULL),
	(9,66,21868,NULL),
	(9,86,21869,NULL),
	(9,88,21870,NULL),
	(9,89,21871,NULL),
	(9,135,21872,NULL),
	(9,32,21873,NULL),
	(9,33,21874,NULL),
	(9,50,21875,NULL),
	(9,60,21876,NULL),
	(9,61,21877,NULL),
	(9,91,21878,NULL),
	(9,96,21879,NULL),
	(9,97,21880,NULL),
	(9,98,21881,NULL),
	(9,99,21882,NULL),
	(9,146,21883,NULL),
	(9,147,21884,NULL),
	(9,39,21885,NULL),
	(9,40,21886,NULL),
	(9,44,21887,NULL),
	(9,46,21888,NULL),
	(9,95,21889,NULL),
	(9,57,21890,NULL),
	(9,58,21891,NULL),
	(9,199,21892,NULL),
	(9,67,21893,NULL),
	(9,70,21894,NULL),
	(9,71,21895,NULL),
	(9,77,21896,NULL),
	(9,80,21897,NULL),
	(9,81,21898,NULL),
	(9,82,21899,NULL),
	(9,83,21900,NULL),
	(9,134,21901,NULL),
	(9,150,21902,NULL),
	(9,151,21903,NULL),
	(9,153,21904,NULL),
	(9,174,21905,NULL),
	(9,92,21906,NULL),
	(9,104,21907,NULL),
	(9,155,21908,NULL),
	(9,102,21909,NULL),
	(9,106,21910,NULL),
	(9,107,21911,NULL),
	(9,156,21912,NULL),
	(9,84,21913,NULL),
	(9,85,21914,NULL),
	(12,39,22506,NULL),
	(12,40,22507,NULL),
	(12,67,22508,NULL),
	(12,68,22509,NULL),
	(12,69,22510,NULL),
	(12,70,22511,NULL),
	(12,71,22512,NULL),
	(12,80,22513,NULL),
	(12,81,22514,NULL),
	(12,82,22515,NULL),
	(12,83,22516,NULL),
	(12,134,22517,NULL),
	(12,150,22518,NULL),
	(12,151,22519,NULL),
	(12,153,22520,NULL),
	(12,154,22521,NULL),
	(12,174,22522,NULL),
	(12,202,22523,NULL),
	(12,216,22524,NULL),
	(12,92,22525,NULL),
	(12,103,22526,NULL),
	(12,156,22527,NULL),
	(12,184,22528,NULL),
	(12,220,22529,NULL),
	(12,175,22530,NULL),
	(12,176,22531,NULL),
	(12,180,22532,NULL),
	(12,190,22533,NULL),
	(12,191,22534,NULL),
	(12,193,22535,NULL),
	(12,194,22536,NULL),
	(12,195,22537,NULL),
	(12,196,22538,NULL),
	(12,197,22539,NULL),
	(12,198,22540,NULL),
	(12,203,22541,NULL),
	(12,217,22542,NULL),
	(25,67,23051,NULL),
	(25,68,23052,NULL),
	(25,69,23053,NULL),
	(25,70,23054,NULL),
	(25,71,23055,NULL),
	(25,77,23056,NULL),
	(25,80,23057,NULL),
	(25,81,23058,NULL),
	(25,82,23059,NULL),
	(25,83,23060,NULL),
	(25,134,23061,NULL),
	(25,150,23062,NULL),
	(25,151,23063,NULL),
	(25,153,23064,NULL),
	(25,154,23065,NULL),
	(25,174,23066,NULL),
	(25,202,23067,NULL),
	(25,212,23068,NULL),
	(25,216,23069,NULL),
	(20,26,23079,NULL),
	(20,27,23080,NULL),
	(20,37,23081,NULL),
	(20,65,23082,NULL),
	(20,66,23083,NULL),
	(20,88,23084,NULL),
	(20,89,23085,NULL),
	(20,32,23086,NULL),
	(20,33,23087,NULL),
	(20,50,23088,NULL),
	(20,60,23089,NULL),
	(20,61,23090,NULL),
	(20,91,23091,NULL),
	(20,96,23092,NULL),
	(20,97,23093,NULL),
	(20,98,23094,NULL),
	(20,99,23095,NULL),
	(20,146,23096,NULL),
	(20,147,23097,NULL),
	(20,173,23098,NULL),
	(20,192,23099,NULL),
	(20,41,23100,NULL),
	(20,42,23101,NULL),
	(20,43,23102,NULL),
	(20,73,23103,NULL),
	(20,74,23104,NULL),
	(20,75,23105,NULL),
	(20,181,23106,NULL),
	(20,46,23107,NULL),
	(20,95,23108,NULL),
	(20,57,23109,NULL),
	(20,58,23110,NULL),
	(20,67,23111,NULL),
	(20,71,23112,NULL),
	(20,77,23113,NULL),
	(20,154,23114,NULL),
	(20,155,23115,NULL),
	(20,102,23116,NULL),
	(20,106,23117,NULL),
	(20,107,23118,NULL),
	(20,156,23119,NULL),
	(20,84,23120,NULL),
	(20,85,23121,NULL),
	(20,105,23122,NULL),
	(20,142,23123,NULL),
	(20,184,23124,NULL),
	(20,189,23125,NULL),
	(20,201,23126,NULL),
	(19,26,24612,NULL),
	(19,27,24613,NULL),
	(19,37,24614,NULL),
	(19,65,24615,NULL),
	(19,66,24616,NULL),
	(19,32,24617,NULL),
	(19,33,24618,NULL),
	(19,50,24619,NULL),
	(19,60,24620,NULL),
	(19,61,24621,NULL),
	(19,91,24622,NULL),
	(19,96,24623,NULL),
	(19,97,24624,NULL),
	(19,98,24625,NULL),
	(19,99,24626,NULL),
	(19,146,24627,NULL),
	(19,147,24628,NULL),
	(19,173,24629,NULL),
	(19,192,24630,NULL),
	(19,39,24631,NULL),
	(19,40,24632,NULL),
	(19,41,24633,NULL),
	(19,42,24634,NULL),
	(19,43,24635,NULL),
	(19,73,24636,NULL),
	(19,74,24637,NULL),
	(19,75,24638,NULL),
	(19,181,24639,NULL),
	(19,46,24640,NULL),
	(19,95,24641,NULL),
	(19,57,24642,NULL),
	(19,58,24643,NULL),
	(19,67,24644,NULL),
	(19,71,24645,NULL),
	(19,154,24646,NULL),
	(19,155,24647,NULL),
	(19,102,24648,NULL),
	(19,106,24649,NULL),
	(19,107,24650,NULL),
	(19,156,24651,NULL),
	(19,84,24652,NULL),
	(19,85,24653,NULL),
	(19,105,24654,NULL),
	(19,137,24655,NULL),
	(19,142,24656,NULL),
	(19,184,24657,NULL),
	(19,189,24658,NULL),
	(19,201,24659,NULL),
	(19,219,24660,NULL),
	(19,220,24661,NULL),
	(26,26,25132,NULL),
	(26,65,25133,NULL),
	(26,41,25134,NULL),
	(26,42,25135,NULL),
	(26,43,25136,NULL),
	(26,73,25137,NULL),
	(26,74,25138,NULL),
	(26,75,25139,NULL),
	(26,181,25140,NULL),
	(27,26,25913,NULL),
	(27,27,25914,NULL),
	(27,39,25915,NULL),
	(27,40,25916,NULL),
	(27,67,25917,NULL),
	(27,77,25918,NULL),
	(27,155,25919,NULL),
	(27,102,25920,NULL),
	(27,106,25921,NULL),
	(27,156,25922,NULL),
	(27,189,25923,NULL),
	(28,156,26283,NULL),
	(28,184,26284,NULL),
	(28,220,26285,NULL),
	(18,26,27953,NULL),
	(18,27,27954,NULL),
	(18,37,27955,NULL),
	(18,65,27956,NULL),
	(18,66,27957,NULL),
	(18,79,27958,NULL),
	(18,86,27959,NULL),
	(18,88,27960,NULL),
	(18,89,27961,NULL),
	(18,32,27962,NULL),
	(18,33,27963,NULL),
	(18,50,27964,NULL),
	(18,60,27965,NULL),
	(18,61,27966,NULL),
	(18,91,27967,NULL),
	(18,96,27968,NULL),
	(18,97,27969,NULL),
	(18,98,27970,NULL),
	(18,99,27971,NULL),
	(18,146,27972,NULL),
	(18,147,27973,NULL),
	(18,173,27974,NULL),
	(18,192,27975,NULL),
	(18,39,27976,NULL),
	(18,40,27977,NULL),
	(18,41,27978,NULL),
	(18,181,27979,NULL),
	(18,57,27980,NULL),
	(18,58,27981,NULL),
	(18,67,27982,NULL),
	(18,68,27983,NULL),
	(18,69,27984,NULL),
	(18,70,27985,NULL),
	(18,71,27986,NULL),
	(18,77,27987,NULL),
	(18,80,27988,NULL),
	(18,81,27989,NULL),
	(18,134,27990,NULL),
	(18,154,27991,NULL),
	(18,174,27992,NULL),
	(18,92,27993,NULL),
	(18,94,27994,NULL),
	(18,103,27995,NULL),
	(18,104,27996,NULL),
	(18,170,27997,NULL),
	(18,172,27998,NULL),
	(18,109,27999,NULL),
	(18,156,28000,NULL),
	(18,84,28001,NULL),
	(18,85,28002,NULL),
	(18,105,28003,NULL),
	(18,142,28004,NULL),
	(18,184,28005,NULL),
	(18,219,28006,NULL),
	(18,175,28007,NULL),
	(18,176,28008,NULL),
	(18,180,28009,NULL),
	(18,224,28010,NULL),
	(18,110,28011,NULL),
	(18,111,28012,NULL),
	(18,225,28013,NULL),
	(18,232,28014,NULL),
	(6,26,29185,NULL),
	(6,27,29186,NULL),
	(6,37,29187,NULL),
	(6,64,29188,NULL),
	(6,65,29189,NULL),
	(6,66,29190,NULL),
	(6,79,29191,NULL),
	(6,86,29192,NULL),
	(6,87,29193,NULL),
	(6,88,29194,NULL),
	(6,89,29195,NULL),
	(6,90,29196,NULL),
	(6,135,29197,NULL),
	(6,136,29198,NULL),
	(6,141,29199,NULL),
	(6,152,29200,NULL),
	(6,179,29201,NULL),
	(6,187,29202,NULL),
	(6,188,29203,NULL),
	(6,32,29204,NULL),
	(6,33,29205,NULL),
	(6,50,29206,NULL),
	(6,60,29207,NULL),
	(6,61,29208,NULL),
	(6,91,29209,NULL),
	(6,96,29210,NULL),
	(6,97,29211,NULL),
	(6,98,29212,NULL),
	(6,99,29213,NULL),
	(6,146,29214,NULL),
	(6,147,29215,NULL),
	(6,173,29216,NULL),
	(6,192,29217,NULL),
	(6,39,29218,NULL),
	(6,40,29219,NULL),
	(6,44,29220,NULL),
	(6,177,29221,NULL),
	(6,178,29222,NULL),
	(6,183,29223,NULL),
	(6,204,29224,NULL),
	(6,228,29225,NULL),
	(6,229,29226,NULL),
	(6,230,29227,NULL),
	(6,231,29228,NULL),
	(6,41,29229,NULL),
	(6,42,29230,NULL),
	(6,43,29231,NULL),
	(6,181,29232,NULL),
	(6,46,29233,NULL),
	(6,62,29234,NULL),
	(6,63,29235,NULL),
	(6,72,29236,NULL),
	(6,78,29237,NULL),
	(6,95,29238,NULL),
	(6,100,29239,NULL),
	(6,101,29240,NULL),
	(6,143,29241,NULL),
	(6,186,29242,NULL),
	(6,57,29243,NULL),
	(6,58,29244,NULL),
	(6,199,29245,NULL),
	(6,208,29246,NULL),
	(6,209,29247,NULL),
	(6,210,29248,NULL),
	(6,211,29249,NULL),
	(6,67,29250,NULL),
	(6,68,29251,NULL),
	(6,69,29252,NULL),
	(6,70,29253,NULL),
	(6,71,29254,NULL),
	(6,77,29255,NULL),
	(6,80,29256,NULL),
	(6,81,29257,NULL),
	(6,82,29258,NULL),
	(6,83,29259,NULL),
	(6,134,29260,NULL),
	(6,150,29261,NULL),
	(6,151,29262,NULL),
	(6,153,29263,NULL),
	(6,154,29264,NULL),
	(6,174,29265,NULL),
	(6,202,29266,NULL),
	(6,212,29267,NULL),
	(6,216,29268,NULL),
	(6,221,29269,NULL),
	(6,92,29270,NULL),
	(6,94,29271,NULL),
	(6,103,29272,NULL),
	(6,104,29273,NULL),
	(6,108,29274,NULL),
	(6,157,29275,NULL),
	(6,170,29276,NULL),
	(6,172,29277,NULL),
	(6,235,29278,NULL),
	(6,112,29279,NULL),
	(6,113,29280,NULL),
	(6,114,29281,NULL),
	(6,115,29282,NULL),
	(6,117,29283,NULL),
	(6,118,29284,NULL),
	(6,120,29285,NULL),
	(6,121,29286,NULL),
	(6,122,29287,NULL),
	(6,123,29288,NULL),
	(6,124,29289,NULL),
	(6,125,29290,NULL),
	(6,126,29291,NULL),
	(6,127,29292,NULL),
	(6,128,29293,NULL),
	(6,130,29294,NULL),
	(6,131,29295,NULL),
	(6,132,29296,NULL),
	(6,133,29297,NULL),
	(6,138,29298,NULL),
	(6,139,29299,NULL),
	(6,140,29300,NULL),
	(6,144,29301,NULL),
	(6,145,29302,NULL),
	(6,155,29303,NULL),
	(6,102,29304,NULL),
	(6,106,29305,NULL),
	(6,107,29306,NULL),
	(6,109,29307,NULL),
	(6,171,29308,NULL),
	(6,156,29309,NULL),
	(6,84,29310,NULL),
	(6,85,29311,NULL),
	(6,105,29312,NULL),
	(6,137,29313,NULL),
	(6,142,29314,NULL),
	(6,184,29315,NULL),
	(6,189,29316,NULL),
	(6,159,29317,NULL),
	(6,160,29318,NULL),
	(6,161,29319,NULL),
	(6,162,29320,NULL),
	(6,163,29321,NULL),
	(6,164,29322,NULL),
	(6,166,29323,NULL),
	(6,167,29324,NULL),
	(6,168,29325,NULL),
	(6,169,29326,NULL),
	(6,175,29327,NULL),
	(6,176,29328,NULL),
	(6,180,29329,NULL),
	(6,190,29330,NULL),
	(6,191,29331,NULL),
	(6,193,29332,NULL),
	(6,194,29333,NULL),
	(6,195,29334,NULL),
	(6,196,29335,NULL),
	(6,197,29336,NULL),
	(6,198,29337,NULL),
	(6,203,29338,NULL),
	(6,182,29339,NULL),
	(6,205,29340,NULL),
	(6,207,29341,NULL),
	(6,185,29342,NULL),
	(6,200,29343,NULL),
	(6,213,29344,NULL),
	(6,214,29345,NULL),
	(6,215,29346,NULL),
	(6,218,29347,NULL),
	(6,222,29348,NULL),
	(6,233,29349,NULL),
	(6,148,29350,NULL),
	(6,234,29351,NULL),
	(14,26,29352,NULL),
	(14,27,29353,NULL),
	(14,37,29354,NULL),
	(14,65,29355,NULL),
	(14,66,29356,NULL),
	(14,79,29357,NULL),
	(14,86,29358,NULL),
	(14,87,29359,NULL),
	(14,88,29360,NULL),
	(14,89,29361,NULL),
	(14,90,29362,NULL),
	(14,135,29363,NULL),
	(14,136,29364,NULL),
	(14,141,29365,NULL),
	(14,152,29366,NULL),
	(14,32,29367,NULL),
	(14,33,29368,NULL),
	(14,50,29369,NULL),
	(14,60,29370,NULL),
	(14,61,29371,NULL),
	(14,91,29372,NULL),
	(14,96,29373,NULL),
	(14,97,29374,NULL),
	(14,98,29375,NULL),
	(14,99,29376,NULL),
	(14,146,29377,NULL),
	(14,147,29378,NULL),
	(14,173,29379,NULL),
	(14,192,29380,NULL),
	(14,39,29381,NULL),
	(14,40,29382,NULL),
	(14,44,29383,NULL),
	(14,177,29384,NULL),
	(14,178,29385,NULL),
	(14,183,29386,NULL),
	(14,204,29387,NULL),
	(14,228,29388,NULL),
	(14,229,29389,NULL),
	(14,230,29390,NULL),
	(14,231,29391,NULL),
	(14,41,29392,NULL),
	(14,42,29393,NULL),
	(14,43,29394,NULL),
	(14,73,29395,NULL),
	(14,74,29396,NULL),
	(14,75,29397,NULL),
	(14,46,29398,NULL),
	(14,62,29399,NULL),
	(14,63,29400,NULL),
	(14,72,29401,NULL),
	(14,78,29402,NULL),
	(14,95,29403,NULL),
	(14,100,29404,NULL),
	(14,101,29405,NULL),
	(14,143,29406,NULL),
	(14,57,29407,NULL),
	(14,58,29408,NULL),
	(14,208,29409,NULL),
	(14,209,29410,NULL),
	(14,210,29411,NULL),
	(14,211,29412,NULL),
	(14,67,29413,NULL),
	(14,68,29414,NULL),
	(14,69,29415,NULL),
	(14,70,29416,NULL),
	(14,71,29417,NULL),
	(14,77,29418,NULL),
	(14,80,29419,NULL),
	(14,81,29420,NULL),
	(14,82,29421,NULL),
	(14,83,29422,NULL),
	(14,134,29423,NULL),
	(14,150,29424,NULL),
	(14,151,29425,NULL),
	(14,153,29426,NULL),
	(14,154,29427,NULL),
	(14,174,29428,NULL),
	(14,212,29429,NULL),
	(14,216,29430,NULL),
	(14,221,29431,NULL),
	(14,92,29432,NULL),
	(14,94,29433,NULL),
	(14,103,29434,NULL),
	(14,104,29435,NULL),
	(14,108,29436,NULL),
	(14,172,29437,NULL),
	(14,235,29438,NULL),
	(14,112,29439,NULL),
	(14,113,29440,NULL),
	(14,114,29441,NULL),
	(14,117,29442,NULL),
	(14,118,29443,NULL),
	(14,119,29444,NULL),
	(14,120,29445,NULL),
	(14,121,29446,NULL),
	(14,122,29447,NULL),
	(14,123,29448,NULL),
	(14,124,29449,NULL),
	(14,125,29450,NULL),
	(14,126,29451,NULL),
	(14,127,29452,NULL),
	(14,128,29453,NULL),
	(14,129,29454,NULL),
	(14,130,29455,NULL),
	(14,131,29456,NULL),
	(14,132,29457,NULL),
	(14,133,29458,NULL),
	(14,138,29459,NULL),
	(14,139,29460,NULL),
	(14,140,29461,NULL),
	(14,144,29462,NULL),
	(14,155,29463,NULL),
	(14,102,29464,NULL),
	(14,106,29465,NULL),
	(14,107,29466,NULL),
	(14,109,29467,NULL),
	(14,156,29468,NULL),
	(14,84,29469,NULL),
	(14,85,29470,NULL),
	(14,105,29471,NULL),
	(14,137,29472,NULL),
	(14,142,29473,NULL),
	(14,189,29474,NULL),
	(14,223,29475,NULL),
	(14,159,29476,NULL),
	(14,160,29477,NULL),
	(14,161,29478,NULL),
	(14,162,29479,NULL),
	(14,163,29480,NULL),
	(14,164,29481,NULL),
	(14,165,29482,NULL),
	(14,166,29483,NULL),
	(14,167,29484,NULL),
	(14,168,29485,NULL),
	(14,169,29486,NULL),
	(14,182,29487,NULL),
	(14,200,29488,NULL),
	(14,213,29489,NULL),
	(14,214,29490,NULL),
	(14,215,29491,NULL),
	(14,233,29492,NULL),
	(14,148,29493,NULL),
	(14,234,29494,NULL),
	(15,26,29495,NULL),
	(15,27,29496,NULL),
	(15,37,29497,NULL),
	(15,64,29498,NULL),
	(15,65,29499,NULL),
	(15,66,29500,NULL),
	(15,79,29501,NULL),
	(15,86,29502,NULL),
	(15,88,29503,NULL),
	(15,89,29504,NULL),
	(15,90,29505,NULL),
	(15,135,29506,NULL),
	(15,136,29507,NULL),
	(15,141,29508,NULL),
	(15,187,29509,NULL),
	(15,188,29510,NULL),
	(15,32,29511,NULL),
	(15,33,29512,NULL),
	(15,50,29513,NULL),
	(15,60,29514,NULL),
	(15,61,29515,NULL),
	(15,91,29516,NULL),
	(15,96,29517,NULL),
	(15,97,29518,NULL),
	(15,98,29519,NULL),
	(15,99,29520,NULL),
	(15,146,29521,NULL),
	(15,147,29522,NULL),
	(15,173,29523,NULL),
	(15,192,29524,NULL),
	(15,39,29525,NULL),
	(15,40,29526,NULL),
	(15,44,29527,NULL),
	(15,177,29528,NULL),
	(15,183,29529,NULL),
	(15,228,29530,NULL),
	(15,229,29531,NULL),
	(15,230,29532,NULL),
	(15,231,29533,NULL),
	(15,41,29534,NULL),
	(15,46,29535,NULL),
	(15,62,29536,NULL),
	(15,63,29537,NULL),
	(15,72,29538,NULL),
	(15,78,29539,NULL),
	(15,95,29540,NULL),
	(15,100,29541,NULL),
	(15,101,29542,NULL),
	(15,143,29543,NULL),
	(15,186,29544,NULL),
	(15,57,29545,NULL),
	(15,58,29546,NULL),
	(15,67,29547,NULL),
	(15,68,29548,NULL),
	(15,69,29549,NULL),
	(15,70,29550,NULL),
	(15,71,29551,NULL),
	(15,77,29552,NULL),
	(15,80,29553,NULL),
	(15,81,29554,NULL),
	(15,82,29555,NULL),
	(15,83,29556,NULL),
	(15,134,29557,NULL),
	(15,150,29558,NULL),
	(15,151,29559,NULL),
	(15,153,29560,NULL),
	(15,154,29561,NULL),
	(15,174,29562,NULL),
	(15,202,29563,NULL),
	(15,212,29564,NULL),
	(15,216,29565,NULL),
	(15,221,29566,NULL),
	(15,92,29567,NULL),
	(15,94,29568,NULL),
	(15,103,29569,NULL),
	(15,104,29570,NULL),
	(15,108,29571,NULL),
	(15,235,29572,NULL),
	(15,138,29573,NULL),
	(15,139,29574,NULL),
	(15,140,29575,NULL),
	(15,155,29576,NULL),
	(15,102,29577,NULL),
	(15,106,29578,NULL),
	(15,107,29579,NULL),
	(15,109,29580,NULL),
	(15,171,29581,NULL),
	(15,156,29582,NULL),
	(15,84,29583,NULL),
	(15,85,29584,NULL),
	(15,105,29585,NULL),
	(15,137,29586,NULL),
	(15,142,29587,NULL),
	(15,189,29588,NULL),
	(15,222,29589,NULL),
	(24,26,29676,NULL),
	(24,27,29677,NULL),
	(24,37,29678,NULL),
	(24,64,29679,NULL),
	(24,65,29680,NULL),
	(24,66,29681,NULL),
	(24,79,29682,NULL),
	(24,86,29683,NULL),
	(24,88,29684,NULL),
	(24,89,29685,NULL),
	(24,90,29686,NULL),
	(24,135,29687,NULL),
	(24,136,29688,NULL),
	(24,141,29689,NULL),
	(24,152,29690,NULL),
	(24,187,29691,NULL),
	(24,188,29692,NULL),
	(24,32,29693,NULL),
	(24,33,29694,NULL),
	(24,50,29695,NULL),
	(24,60,29696,NULL),
	(24,61,29697,NULL),
	(24,91,29698,NULL),
	(24,96,29699,NULL),
	(24,97,29700,NULL),
	(24,98,29701,NULL),
	(24,99,29702,NULL),
	(24,146,29703,NULL),
	(24,147,29704,NULL),
	(24,173,29705,NULL),
	(24,192,29706,NULL),
	(24,39,29707,NULL),
	(24,40,29708,NULL),
	(24,44,29709,NULL),
	(24,177,29710,NULL),
	(24,183,29711,NULL),
	(24,228,29712,NULL),
	(24,229,29713,NULL),
	(24,230,29714,NULL),
	(24,231,29715,NULL),
	(24,46,29716,NULL),
	(24,62,29717,NULL),
	(24,63,29718,NULL),
	(24,72,29719,NULL),
	(24,78,29720,NULL),
	(24,95,29721,NULL),
	(24,100,29722,NULL),
	(24,101,29723,NULL),
	(24,143,29724,NULL),
	(24,186,29725,NULL),
	(24,57,29726,NULL),
	(24,58,29727,NULL),
	(24,67,29728,NULL),
	(24,68,29729,NULL),
	(24,69,29730,NULL),
	(24,70,29731,NULL),
	(24,71,29732,NULL),
	(24,77,29733,NULL),
	(24,80,29734,NULL),
	(24,81,29735,NULL),
	(24,82,29736,NULL),
	(24,83,29737,NULL),
	(24,134,29738,NULL),
	(24,150,29739,NULL),
	(24,151,29740,NULL),
	(24,153,29741,NULL),
	(24,154,29742,NULL),
	(24,174,29743,NULL),
	(24,202,29744,NULL),
	(24,212,29745,NULL),
	(24,216,29746,NULL),
	(24,221,29747,NULL),
	(24,92,29748,NULL),
	(24,94,29749,NULL),
	(24,103,29750,NULL),
	(24,104,29751,NULL),
	(24,108,29752,NULL),
	(24,170,29753,NULL),
	(24,235,29754,NULL),
	(24,156,29755,NULL),
	(24,84,29756,NULL),
	(24,85,29757,NULL),
	(24,105,29758,NULL),
	(24,137,29759,NULL),
	(24,142,29760,NULL),
	(24,189,29761,NULL),
	(24,222,29762,NULL),
	(21,26,30163,NULL),
	(21,27,30164,NULL),
	(21,39,30165,NULL),
	(21,40,30166,NULL),
	(21,67,30167,NULL),
	(21,77,30168,NULL),
	(21,155,30169,NULL),
	(21,102,30170,NULL),
	(21,106,30171,NULL),
	(21,156,30172,NULL),
	(21,189,30173,NULL),
	(10,26,30328,NULL),
	(10,65,30329,NULL),
	(10,67,30330,NULL),
	(10,68,30331,NULL),
	(10,69,30332,NULL),
	(10,70,30333,NULL),
	(10,71,30334,NULL),
	(10,81,30335,NULL),
	(10,134,30336,NULL),
	(10,154,30337,NULL),
	(10,92,30338,NULL),
	(10,170,30339,NULL),
	(10,172,30340,NULL),
	(10,156,30341,NULL),
	(10,84,30342,NULL),
	(10,85,30343,NULL),
	(16,26,30344,NULL),
	(16,27,30345,NULL),
	(16,37,30346,NULL),
	(16,65,30347,NULL),
	(16,66,30348,NULL),
	(16,79,30349,NULL),
	(16,86,30350,NULL),
	(16,87,30351,NULL),
	(16,88,30352,NULL),
	(16,89,30353,NULL),
	(16,90,30354,NULL),
	(16,135,30355,NULL),
	(16,136,30356,NULL),
	(16,141,30357,NULL),
	(16,152,30358,NULL),
	(16,32,30359,NULL),
	(16,33,30360,NULL),
	(16,50,30361,NULL),
	(16,60,30362,NULL),
	(16,61,30363,NULL),
	(16,91,30364,NULL),
	(16,96,30365,NULL),
	(16,97,30366,NULL),
	(16,98,30367,NULL),
	(16,99,30368,NULL),
	(16,146,30369,NULL),
	(16,147,30370,NULL),
	(16,173,30371,NULL),
	(16,39,30372,NULL),
	(16,40,30373,NULL),
	(16,44,30374,NULL),
	(16,177,30375,NULL),
	(16,204,30376,NULL),
	(16,228,30377,NULL),
	(16,229,30378,NULL),
	(16,230,30379,NULL),
	(16,41,30380,NULL),
	(16,42,30381,NULL),
	(16,43,30382,NULL),
	(16,73,30383,NULL),
	(16,74,30384,NULL),
	(16,75,30385,NULL),
	(16,46,30386,NULL),
	(16,62,30387,NULL),
	(16,63,30388,NULL),
	(16,72,30389,NULL),
	(16,78,30390,NULL),
	(16,100,30391,NULL),
	(16,101,30392,NULL),
	(16,143,30393,NULL),
	(16,51,30394,NULL),
	(16,149,30395,NULL),
	(16,57,30396,NULL),
	(16,58,30397,NULL),
	(16,67,30398,NULL),
	(16,68,30399,NULL),
	(16,69,30400,NULL),
	(16,70,30401,NULL),
	(16,71,30402,NULL),
	(16,77,30403,NULL),
	(16,80,30404,NULL),
	(16,81,30405,NULL),
	(16,82,30406,NULL),
	(16,83,30407,NULL),
	(16,134,30408,NULL),
	(16,150,30409,NULL),
	(16,151,30410,NULL),
	(16,153,30411,NULL),
	(16,154,30412,NULL),
	(16,174,30413,NULL),
	(16,202,30414,NULL),
	(16,212,30415,NULL),
	(16,216,30416,NULL),
	(16,221,30417,NULL),
	(16,92,30418,NULL),
	(16,94,30419,NULL),
	(16,103,30420,NULL),
	(16,104,30421,NULL),
	(16,108,30422,NULL),
	(16,157,30423,NULL),
	(16,170,30424,NULL),
	(16,172,30425,NULL),
	(16,235,30426,NULL),
	(16,109,30427,NULL),
	(16,156,30428,NULL),
	(16,84,30429,NULL),
	(16,85,30430,NULL),
	(16,105,30431,NULL),
	(16,137,30432,NULL),
	(16,142,30433,NULL),
	(16,184,30434,NULL),
	(16,189,30435,NULL),
	(16,201,30436,NULL),
	(16,219,30437,NULL),
	(16,220,30438,NULL),
	(16,223,30439,NULL),
	(16,236,30440,NULL),
	(16,175,30441,NULL),
	(16,176,30442,NULL),
	(16,180,30443,NULL),
	(16,190,30444,NULL),
	(16,191,30445,NULL),
	(16,193,30446,NULL),
	(16,194,30447,NULL),
	(16,195,30448,NULL),
	(16,196,30449,NULL),
	(16,197,30450,NULL),
	(16,198,30451,NULL),
	(16,203,30452,NULL),
	(16,217,30453,NULL),
	(13,13,31411,NULL),
	(13,19,31412,NULL),
	(13,20,31413,NULL),
	(13,24,31414,NULL),
	(13,36,31415,NULL),
	(13,113,31416,NULL),
	(13,26,31417,NULL),
	(13,27,31418,NULL),
	(13,37,31419,NULL),
	(13,65,31420,NULL),
	(13,66,31421,NULL),
	(13,79,31422,NULL),
	(13,86,31423,NULL),
	(13,87,31424,NULL),
	(13,88,31425,NULL),
	(13,89,31426,NULL),
	(13,90,31427,NULL),
	(13,135,31428,NULL),
	(13,136,31429,NULL),
	(13,141,31430,NULL),
	(13,152,31431,NULL),
	(13,179,31432,NULL),
	(13,187,31433,NULL),
	(13,188,31434,NULL),
	(13,32,31435,NULL),
	(13,33,31436,NULL),
	(13,50,31437,NULL),
	(13,60,31438,NULL),
	(13,61,31439,NULL),
	(13,91,31440,NULL),
	(13,96,31441,NULL),
	(13,97,31442,NULL),
	(13,98,31443,NULL),
	(13,99,31444,NULL),
	(13,146,31445,NULL),
	(13,147,31446,NULL),
	(13,173,31447,NULL),
	(13,192,31448,NULL),
	(13,39,31449,NULL),
	(13,40,31450,NULL),
	(13,44,31451,NULL),
	(13,177,31452,NULL),
	(13,178,31453,NULL),
	(13,183,31454,NULL),
	(13,204,31455,NULL),
	(13,228,31456,NULL),
	(13,229,31457,NULL),
	(13,230,31458,NULL),
	(13,231,31459,NULL),
	(13,41,31460,NULL),
	(13,42,31461,NULL),
	(13,43,31462,NULL),
	(13,73,31463,NULL),
	(13,74,31464,NULL),
	(13,75,31465,NULL),
	(13,181,31466,NULL),
	(13,46,31467,NULL),
	(13,62,31468,NULL),
	(13,63,31469,NULL),
	(13,72,31470,NULL),
	(13,78,31471,NULL),
	(13,95,31472,NULL),
	(13,100,31473,NULL),
	(13,101,31474,NULL),
	(13,143,31475,NULL),
	(13,158,31476,NULL),
	(13,186,31477,NULL),
	(13,51,31478,NULL),
	(13,52,31479,NULL),
	(13,149,31480,NULL),
	(13,57,31481,NULL),
	(13,58,31482,NULL),
	(13,199,31483,NULL),
	(13,208,31484,NULL),
	(13,209,31485,NULL),
	(13,210,31486,NULL),
	(13,211,31487,NULL),
	(13,67,31488,NULL),
	(13,68,31489,NULL),
	(13,69,31490,NULL),
	(13,70,31491,NULL),
	(13,71,31492,NULL),
	(13,77,31493,NULL),
	(13,80,31494,NULL),
	(13,81,31495,NULL),
	(13,82,31496,NULL),
	(13,83,31497,NULL),
	(13,134,31498,NULL),
	(13,150,31499,NULL),
	(13,151,31500,NULL),
	(13,153,31501,NULL),
	(13,154,31502,NULL),
	(13,174,31503,NULL),
	(13,202,31504,NULL),
	(13,212,31505,NULL),
	(13,216,31506,NULL),
	(13,221,31507,NULL),
	(13,92,31508,NULL),
	(13,94,31509,NULL),
	(13,103,31510,NULL),
	(13,104,31511,NULL),
	(13,108,31512,NULL),
	(13,157,31513,NULL),
	(13,170,31514,NULL),
	(13,172,31515,NULL),
	(13,235,31516,NULL),
	(13,112,31517,NULL),
	(13,114,31518,NULL),
	(13,115,31519,NULL),
	(13,116,31520,NULL),
	(13,117,31521,NULL),
	(13,118,31522,NULL),
	(13,120,31523,NULL),
	(13,121,31524,NULL),
	(13,122,31525,NULL),
	(13,123,31526,NULL),
	(13,124,31527,NULL),
	(13,125,31528,NULL),
	(13,126,31529,NULL),
	(13,127,31530,NULL),
	(13,128,31531,NULL),
	(13,130,31532,NULL),
	(13,131,31533,NULL),
	(13,132,31534,NULL),
	(13,133,31535,NULL),
	(13,138,31536,NULL),
	(13,139,31537,NULL),
	(13,140,31538,NULL),
	(13,144,31539,NULL),
	(13,145,31540,NULL),
	(13,155,31541,NULL),
	(13,102,31542,NULL),
	(13,106,31543,NULL),
	(13,107,31544,NULL),
	(13,109,31545,NULL),
	(13,171,31546,NULL),
	(13,156,31547,NULL),
	(13,84,31548,NULL),
	(13,85,31549,NULL),
	(13,105,31550,NULL),
	(13,137,31551,NULL),
	(13,142,31552,NULL),
	(13,184,31553,NULL),
	(13,189,31554,NULL),
	(13,201,31555,NULL),
	(13,219,31556,NULL),
	(13,220,31557,NULL),
	(13,223,31558,NULL),
	(13,236,31559,NULL),
	(13,159,31560,NULL),
	(13,160,31561,NULL),
	(13,161,31562,NULL),
	(13,162,31563,NULL),
	(13,163,31564,NULL),
	(13,164,31565,NULL),
	(13,166,31566,NULL),
	(13,167,31567,NULL),
	(13,168,31568,NULL),
	(13,169,31569,NULL),
	(13,175,31570,NULL),
	(13,176,31571,NULL),
	(13,180,31572,NULL),
	(13,190,31573,NULL),
	(13,191,31574,NULL),
	(13,193,31575,NULL),
	(13,194,31576,NULL),
	(13,195,31577,NULL),
	(13,196,31578,NULL),
	(13,197,31579,NULL),
	(13,198,31580,NULL),
	(13,203,31581,NULL),
	(13,217,31582,NULL),
	(13,182,31583,NULL),
	(13,205,31584,NULL),
	(13,207,31585,NULL),
	(13,185,31586,NULL),
	(13,200,31587,NULL),
	(13,213,31588,NULL),
	(13,214,31589,NULL),
	(13,215,31590,NULL),
	(13,218,31591,NULL),
	(13,222,31592,NULL),
	(13,224,31593,NULL),
	(13,110,31594,NULL),
	(13,111,31595,NULL),
	(13,225,31596,NULL),
	(13,232,31597,NULL),
	(13,226,31598,NULL),
	(13,227,31599,NULL),
	(13,233,31600,NULL),
	(13,148,31601,NULL),
	(13,234,31602,NULL),
	(17,26,31655,NULL),
	(17,27,31656,NULL),
	(17,37,31657,NULL),
	(17,65,31658,NULL),
	(17,66,31659,NULL),
	(17,79,31660,NULL),
	(17,86,31661,NULL),
	(17,88,31662,NULL),
	(17,89,31663,NULL),
	(17,135,31664,NULL),
	(17,32,31665,NULL),
	(17,33,31666,NULL),
	(17,50,31667,NULL),
	(17,60,31668,NULL),
	(17,61,31669,NULL),
	(17,91,31670,NULL),
	(17,96,31671,NULL),
	(17,97,31672,NULL),
	(17,98,31673,NULL),
	(17,99,31674,NULL),
	(17,146,31675,NULL),
	(17,147,31676,NULL),
	(17,173,31677,NULL),
	(17,39,31678,NULL),
	(17,40,31679,NULL),
	(17,44,31680,NULL),
	(17,46,31681,NULL),
	(17,95,31682,NULL),
	(17,57,31683,NULL),
	(17,58,31684,NULL),
	(17,67,31685,NULL),
	(17,70,31686,NULL),
	(17,71,31687,NULL),
	(17,77,31688,NULL),
	(17,80,31689,NULL),
	(17,81,31690,NULL),
	(17,82,31691,NULL),
	(17,83,31692,NULL),
	(17,134,31693,NULL),
	(17,150,31694,NULL),
	(17,151,31695,NULL),
	(17,153,31696,NULL),
	(17,221,31697,NULL),
	(17,92,31698,NULL),
	(17,94,31699,NULL),
	(17,104,31700,NULL),
	(17,155,31701,NULL),
	(17,102,31702,NULL),
	(17,106,31703,NULL),
	(17,107,31704,NULL),
	(17,156,31705,NULL),
	(17,84,31706,NULL),
	(17,85,31707,NULL);

/*!40000 ALTER TABLE `rolemenu` ENABLE KEYS */;
UNLOCK TABLES;


# Dump of table source_giftcode
# ------------------------------------------------------------

DROP TABLE IF EXISTS `source_giftcode`;

CREATE TABLE `source_giftcode` (
  `id` int(11) NOT NULL AUTO_INCREMENT,
  `name` varchar(255) CHARACTER SET utf8 COLLATE utf8_unicode_ci DEFAULT NULL,
  `key` varchar(11) DEFAULT NULL,
  `type` int(11) DEFAULT NULL,
  `display` int(11) DEFAULT '0',
  PRIMARY KEY (`id`) USING BTREE
) ENGINE=InnoDB DEFAULT CHARSET=latin1 ROW_FORMAT=DYNAMIC;

LOCK TABLES `source_giftcode` WRITE;
/*!40000 ALTER TABLE `source_giftcode` DISABLE KEYS */;

INSERT INTO `source_giftcode` (`id`, `name`, `key`, `type`, `display`)
VALUES
	(149,'LIVE','LIV',1,1),
	(150,'Dai ly','DLY',3,1),
	(151,'Event','EVE',1,1);

/*!40000 ALTER TABLE `source_giftcode` ENABLE KEYS */;
UNLOCK TABLES;


# Dump of table url_builder
# ------------------------------------------------------------

DROP TABLE IF EXISTS `url_builder`;

CREATE TABLE `url_builder` (
  `id` int(11) NOT NULL AUTO_INCREMENT,
  `url_web` varchar(50) DEFAULT NULL,
  `utm_source` varchar(50) DEFAULT NULL,
  `utm_medium` varchar(50) DEFAULT NULL,
  `utm_term` varchar(50) DEFAULT NULL,
  `utm_content` varchar(50) DEFAULT NULL,
  `utm_campaign` varchar(50) DEFAULT NULL,
  `url_generate` varchar(2000) DEFAULT NULL,
  PRIMARY KEY (`id`) USING BTREE
) ENGINE=InnoDB DEFAULT CHARSET=utf8 ROW_FORMAT=DYNAMIC;



# Dump of table user
# ------------------------------------------------------------

DROP TABLE IF EXISTS `user`;

CREATE TABLE `user` (
  `ID` int(11) NOT NULL AUTO_INCREMENT,
  `UserName` varchar(50) DEFAULT NULL,
  `Password` varchar(50) DEFAULT NULL,
  `NameAgent` varchar(50) CHARACTER SET utf8 COLLATE utf8_unicode_ci DEFAULT NULL,
  `FullName` varchar(100) DEFAULT NULL,
  `Email` varchar(50) DEFAULT NULL,
  `Address` varchar(50) DEFAULT NULL,
  `BirthDay` date DEFAULT NULL,
  `CMND` int(12) DEFAULT NULL,
  `Phone` varchar(255) CHARACTER SET utf8 COLLATE utf8_unicode_ci DEFAULT NULL,
  `Status` char(2) DEFAULT NULL,
  `ParentID` int(11) DEFAULT NULL,
  `Active` int(11) DEFAULT NULL,
  `isThuong` int(11) DEFAULT '2',
  `isSuper` int(11) DEFAULT '0',
  `Facebook` varchar(255) CHARACTER SET utf8 COLLATE utf8_unicode_ci DEFAULT NULL,
  `Key` varchar(11) CHARACTER SET utf8 COLLATE utf8_unicode_ci DEFAULT NULL,
  `Balance` bigint(20) DEFAULT NULL,
  PRIMARY KEY (`ID`) USING BTREE,
  KEY `UserName_index` (`UserName`) USING BTREE,
  KEY `FullName_index` (`FullName`) USING BTREE,
  KEY `Status_index` (`Status`) USING BTREE,
  KEY `isThuong_index` (`isThuong`) USING BTREE,
  KEY `isSuper_index` (`isSuper`) USING BTREE
) ENGINE=InnoDB DEFAULT CHARSET=utf8 ROW_FORMAT=DYNAMIC;

LOCK TABLES `user` WRITE;
/*!40000 ALTER TABLE `user` DISABLE KEYS */;

INSERT INTO `user` (`ID`, `UserName`, `Password`, `NameAgent`, `FullName`, `Email`, `Address`, `BirthDay`, `CMND`, `Phone`, `Status`, `ParentID`, `Active`, `isThuong`, `isSuper`, `Facebook`, `Key`, `Balance`)
VALUES
	(329973,'superadmin',NULL,NULL,'superadmin123',NULL,NULL,NULL,NULL,NULL,'A',NULL,NULL,NULL,1,NULL,NULL,NULL);

/*!40000 ALTER TABLE `user` ENABLE KEYS */;
UNLOCK TABLES;


# Dump of table useragent
# ------------------------------------------------------------

DROP TABLE IF EXISTS `useragent`;

CREATE TABLE `useragent` (
  `id` int(11) NOT NULL AUTO_INCREMENT,
  `username` varchar(50) COLLATE utf8_unicode_ci DEFAULT NULL,
  `nickname` varchar(50) COLLATE utf8_unicode_ci DEFAULT NULL,
  `password` varchar(50) COLLATE utf8_unicode_ci DEFAULT NULL,
  `nameagent` varchar(50) COLLATE utf8_unicode_ci DEFAULT NULL,
  `address` varchar(255) COLLATE utf8_unicode_ci DEFAULT NULL,
  `phone` varchar(50) COLLATE utf8_unicode_ci DEFAULT NULL,
  `email` varchar(50) COLLATE utf8_unicode_ci DEFAULT NULL,
  `facebook` varchar(255) COLLATE utf8_unicode_ci DEFAULT NULL,
  `key` varchar(2) COLLATE utf8_unicode_ci DEFAULT NULL,
  `status` varchar(2) COLLATE utf8_unicode_ci DEFAULT NULL,
  `parentid` int(11) DEFAULT NULL,
  `namebank` varchar(255) CHARACTER SET latin1 DEFAULT NULL,
  `nameaccount` varchar(255) CHARACTER SET latin1 DEFAULT NULL,
  `numberaccount` varchar(255) CHARACTER SET latin1 DEFAULT NULL,
  `show` int(11) DEFAULT '1',
  `active` int(11) DEFAULT '1',
  `createtime` datetime DEFAULT NULL,
  `updatetime` datetime DEFAULT NULL,
  `order` int(11) DEFAULT '1',
  `sms` int(11) DEFAULT '-1',
  `percent_bonus_vincard` int(11) DEFAULT NULL,
  PRIMARY KEY (`id`) USING BTREE,
  KEY `nickname_index` (`nickname`) USING BTREE,
  KEY `status_index` (`status`) USING BTREE,
  KEY `parentid_index` (`parentid`) USING BTREE,
  KEY `show_index` (`show`) USING BTREE,
  KEY `active_index` (`active`) USING BTREE,
  KEY `sms_index` (`sms`) USING BTREE,
  KEY `order_index` (`order`) USING BTREE,
  KEY `percent_bonus_vincard` (`percent_bonus_vincard`) USING BTREE
) ENGINE=InnoDB DEFAULT CHARSET=utf8 COLLATE=utf8_unicode_ci ROW_FORMAT=DYNAMIC;

LOCK TABLES `useragent` WRITE;
/*!40000 ALTER TABLE `useragent` DISABLE KEYS */;

INSERT INTO `useragent` (`id`, `username`, `nickname`, `password`, `nameagent`, `address`, `phone`, `email`, `facebook`, `key`, `status`, `parentid`, `namebank`, `nameaccount`, `numberaccount`, `show`, `active`, `createtime`, `updatetime`, `order`, `sms`, `percent_bonus_vincard`)
VALUES
	(62,'superadmin','superadmin123',NULL,'Mr LONG','HA NOI','0962377777‬','tongdailywin@gmail.com','','PD','A',-1,'MSB','HOANG THAI LONG','0541225362875',1,1,'2016-10-28 07:58:13','2016-11-11 16:47:45',1,-1,0),
	(70,'superadmin','superadmin123',NULL,'Ms Trang','Toàn Quốc','0901376789','','','TZ','D',-1,'VietcomBank','PHAM TRANG','01010007999999',1,1,'2018-06-03 15:47:13','2019-05-04 04:30:56',1,0,NULL);

/*!40000 ALTER TABLE `useragent` ENABLE KEYS */;
UNLOCK TABLES;


# Dump of table userrole
# ------------------------------------------------------------

DROP TABLE IF EXISTS `userrole`;

CREATE TABLE `userrole` (
  `ID` int(11) NOT NULL AUTO_INCREMENT,
  `User_ID` int(11) NOT NULL,
  `Group_ID` int(11) NOT NULL,
  `Type` int(11) DEFAULT NULL,
  PRIMARY KEY (`ID`) USING BTREE
) ENGINE=InnoDB DEFAULT CHARSET=utf8 ROW_FORMAT=DYNAMIC;

LOCK TABLES `userrole` WRITE;
/*!40000 ALTER TABLE `userrole` DISABLE KEYS */;

INSERT INTO `userrole` (`ID`, `User_ID`, `Group_ID`, `Type`)
VALUES
	(17,1,3,NULL),
	(25,2,1,NULL),
	(26,3,3,NULL),
	(27,6,5,NULL),
	(28,8,5,NULL),
	(34,59718,6,NULL),
	(42,0,4,NULL),
	(43,0,12,NULL),
	(52,0,13,NULL),
	(54,0,6,NULL),
	(62,0,16,NULL),
	(63,329956,16,NULL),
	(64,0,16,NULL),
	(75,329961,6,NULL),
	(83,329973,13,NULL),
	(113,329999,13,NULL),
	(114,330000,13,NULL),
	(115,330001,13,NULL);

/*!40000 ALTER TABLE `userrole` ENABLE KEYS */;
UNLOCK TABLES;



/*!40111 SET SQL_NOTES=@OLD_SQL_NOTES */;
/*!40101 SET SQL_MODE=@OLD_SQL_MODE */;
/*!40014 SET FOREIGN_KEY_CHECKS=@OLD_FOREIGN_KEY_CHECKS */;
/*!40101 SET CHARACTER_SET_CLIENT=@OLD_CHARACTER_SET_CLIENT */;
/*!40101 SET CHARACTER_SET_RESULTS=@OLD_CHARACTER_SET_RESULTS */;
/*!40101 SET COLLATION_CONNECTION=@OLD_COLLATION_CONNECTION */;
